run_id,iter_pi,iter_p,iter_p_with_pi,R,E,sanity_check
1.0,7.0,7.0,3.0,0.044908457054096296,0.003687361173539404,3.248783710955336e-7
2.0,8.0,7.0,3.0,0.06399422796758136,0.005530600217965383,6.245100059018304e-7
3.0,7.0,7.0,2.0,0.034591517701320296,0.004177969586204936,6.181748765251775e-7
4.0,8.0,7.0,3.0,0.027459180488420554,0.004964453323306547,5.164806102833807e-7
5.0,8.0,7.0,3.0,0.06960876814130912,0.005408064630171051,1.2542131345321109e-7
6.0,8.0,7.0,3.0,0.032053888127189234,0.0035514662896790968,3.277143760774502e-7
7.0,7.0,7.0,3.0,0.0512908688455459,0.0028640073267832645,1.47035301149423e-7
8.0,8.0,7.0,3.0,0.06839370029696834,0.005532802746457299,2.661051814141832e-7
9.0,7.0,7.0,3.0,0.04187904049549984,0.01107190990876668,1.5666437466769946e-7
10.0,7.0,7.0,2.0,0.04344661579867504,0.005216478693688449,5.670335466371937e-7
11.0,7.0,7.0,2.0,0.05015985259341549,0.003724177308654836,3.569830216393803e-7
12.0,8.0,7.0,2.0,0.040777531526557276,0.002124700147804903,3.6085201330258844e-7
13.0,6.0,7.0,2.0,0.053929041213644835,0.0037299214783087994,3.1689923954500745e-7
14.0,8.0,7.0,2.0,0.051351931730592826,0.00541992804132588,5.914416056009499e-7
15.0,7.0,7.0,3.0,0.048199912469980566,0.004137040888730219,2.1312484809088375e-7
16.0,7.0,7.0,3.0,0.04365976015971951,0.0025649017010212507,2.2731881445090636e-7
17.0,8.0,7.0,2.0,0.05181302391225051,0.009114890325164158,3.5337300854387075e-7
18.0,8.0,7.0,2.0,0.02468349099863465,0.006978407897883255,6.571553392143138e-7
19.0,7.0,7.0,2.0,0.06242511558389752,0.0038522649954898904,3.4987895431340206e-7
20.0,7.0,7.0,3.0,0.042858035399538474,0.002401836568786223,2.1024086732412436e-7
21.0,7.0,7.0,3.0,0.04397774816534383,0.003987316471729272,2.156891192563357e-7
22.0,7.0,7.0,3.0,0.07612954444686248,0.008395704825581676,2.0923143383100291e-7
23.0,8.0,7.0,2.0,0.03718821613196077,0.004189908873216742,5.548409171507017e-7
24.0,8.0,7.0,2.0,0.02121700622720324,0.004986672218927058,5.135501652962244e-7
25.0,8.0,7.0,2.0,0.020468874400042747,0.004048933727132803,2.600347062066018e-7
26.0,9.0,7.0,2.0,0.021098832307476112,0.00425971452105579,5.815248035553771e-7
27.0,8.0,7.0,3.0,0.049625348564169336,0.005389542458782878,6.157207146114258e-7
28.0,8.0,7.0,3.0,0.05434301737329417,0.0039282530970737245,3.2588091744607756e-7
29.0,7.0,7.0,3.0,0.0633269765237563,0.0048658667232520025,4.944767175345057e-7
30.0,7.0,7.0,3.0,0.06969228539709604,0.0035792481224699683,1.09112468063879e-7
31.0,8.0,7.0,3.0,0.06437947470037408,0.003327363408417213,3.8933027965444774e-7
32.0,6.0,7.0,3.0,0.07122058444716572,0.002559529842703824,2.1351891498746609e-7
33.0,7.0,7.0,3.0,0.07052042488006727,0.003111405392114098,1.3876186520766203e-7
34.0,8.0,7.0,2.0,0.02414044539918514,0.005315645550173747,6.008074879065343e-7
35.0,8.0,7.0,3.0,0.06470350943490621,0.004984640717303123,5.15940126233731e-7
36.0,7.0,7.0,3.0,0.057892040787704824,0.0046698234830804325,4.7325886769468423e-7
37.0,8.0,7.0,3.0,0.0438100224812088,0.006538732235565121,5.24287121774054e-7
38.0,6.0,7.0,3.0,0.0532352901830222,0.0035446193662595367,2.970784082264515e-7
39.0,7.0,7.0,3.0,0.03912145413861312,0.002883686460018546,1.1811099071634979e-7
40.0,7.0,7.0,3.0,0.04151638101002453,0.003114248769833019,2.738865733788778e-7
41.0,8.0,7.0,2.0,0.06035088855182802,0.006167306892388096,5.788789141926957e-7
42.0,7.0,7.0,3.0,0.05165538838141348,0.012415971048750613,1.267997886817223e-7
43.0,9.0,7.0,3.0,0.03637921244473863,0.005178249650416777,6.716489141005532e-7
44.0,7.0,7.0,3.0,0.04151397888002584,0.002671627339163618,2.317617260313237e-7
45.0,8.0,7.0,3.0,0.034213403006807086,0.003716400862370534,3.3743365979593707e-7
46.0,5.0,7.0,3.0,0.062110372210320786,0.0038761765941018296,1.1956514055601355e-7
47.0,8.0,7.0,2.0,0.03479591298684426,0.006799459748348406,7.304629576411224e-7
48.0,8.0,7.0,3.0,0.061095251672115714,0.004468185047862338,3.8952143920403434e-7
49.0,8.0,7.0,3.0,0.0517539312797044,0.005423003145696996,6.025977756964741e-7
50.0,7.0,7.0,3.0,0.049572845976781243,0.005606554467895381,6.378122760565167e-7
51.0,6.0,7.0,3.0,0.07560852190937617,0.0030299243922261108,1.2994115475608264e-7
52.0,7.0,7.0,2.0,0.044204191684693805,0.008801589646098635,4.1242832153763414e-7
53.0,6.0,7.0,3.0,0.06076216562734871,0.0034709434980688698,1.2958183573406706e-7
54.0,6.0,7.0,3.0,0.05381437021391822,0.003285187322761803,1.398404621949107e-7
55.0,7.0,7.0,3.0,0.03918868815452159,0.0033374054655343124,1.5163482331854843e-7
56.0,6.0,7.0,3.0,0.06032017308343307,0.003489892047601827,1.1877095240873506e-7
57.0,8.0,7.0,2.0,0.02108779160280072,0.0076762724291074376,5.490689961600197e-7
58.0,8.0,7.0,2.0,0.039052450580775444,0.007515399753565055,5.0987951898763e-7
59.0,8.0,7.0,2.0,0.06399730321892982,0.005036326392779454,4.623465590049008e-7
60.0,7.0,7.0,3.0,0.03814875223009695,0.004440271444325928,4.138904826413503e-7
61.0,8.0,7.0,3.0,0.05759244603415348,0.005256835079470501,5.547651762565874e-7
62.0,7.0,7.0,3.0,0.05543026912390925,0.0044536644891026555,4.115210658587193e-7
63.0,7.0,7.0,3.0,0.025721467138611898,0.0031243696843432068,1.2394846205538267e-7
64.0,8.0,7.0,2.0,0.05096353315009283,0.0043027853034173615,3.658008613941454e-7
65.0,7.0,7.0,3.0,0.04224165018347659,0.0024934255135426364,2.2737580623466298e-7
66.0,6.0,7.0,2.0,0.03916062826425648,0.00462325657859733,4.3278632051445943e-7
67.0,8.0,7.0,2.0,0.060122479696049336,0.005096052925094383,6.139349318353977e-7
68.0,8.0,7.0,2.0,0.019497582106054345,0.006145167049882303,4.5134027092261676e-7
69.0,7.0,7.0,3.0,0.04429090366182109,0.014096347572967974,1.7721778859086066e-7
70.0,7.0,7.0,3.0,0.061118331992524366,0.002838677566009432,1.7461308648784926e-7
71.0,7.0,7.0,3.0,0.05583301049446221,0.002465354273947325,2.0316641844930904e-7
72.0,8.0,7.0,3.0,0.0483143165087454,0.00568509978825533,4.932813846041942e-7
73.0,7.0,7.0,3.0,0.06706206636754675,0.004522225528648684,4.274776701552072e-7
74.0,8.0,7.0,3.0,0.075733754591369,0.008572075106749613,5.523275178217167e-7
75.0,5.0,7.0,2.0,0.07009225472817016,0.003451095863409325,1.5282625079248924e-7
76.0,5.0,7.0,2.0,0.030044845225322803,0.0033233365935187668,2.798106996423711e-7
77.0,7.0,7.0,2.0,0.032769424251890555,0.00908084958576958,3.4050766924118293e-7
78.0,7.0,7.0,3.0,0.04103050638286354,0.003348074540462744,1.100961503213757e-7
79.0,8.0,7.0,3.0,0.059579766923255395,0.004424273796753666,2.392444720383609e-7
80.0,6.0,7.0,3.0,0.05852370711341892,0.003354086788388577,2.2536800564938845e-7
81.0,7.0,7.0,3.0,0.05410106705570028,0.0031068993786411794,1.6000490001346818e-7
82.0,7.0,7.0,3.0,0.0684682757523788,0.002500343324293177,1.9269368501085307e-7
83.0,7.0,7.0,3.0,0.07669503147385459,0.003061494185996023,1.4706526619941986e-7
84.0,7.0,7.0,3.0,0.06405340595424014,0.0033543392288405216,1.4642712196673745e-7
85.0,5.0,7.0,2.0,0.0531278538508384,0.00386327796903607,3.404950926211506e-7
86.0,8.0,7.0,3.0,0.07333296380925103,0.00813630179243107,6.519773789436723e-7
87.0,7.0,7.0,3.0,0.04648905557217964,0.013131760359797314,1.4806381821955443e-7
88.0,8.0,7.0,2.0,0.05594732845253603,0.0057811887670360974,6.282718615791185e-7
89.0,6.0,7.0,3.0,0.06398977581556453,0.002954574410691084,1.8481055203721536e-7
90.0,6.0,7.0,3.0,0.046429415715921296,0.0026060890017683062,1.817783151879746e-7
91.0,8.0,7.0,2.0,0.045248420228292785,0.007829306664689664,5.326573840729817e-7
92.0,8.0,7.0,3.0,0.04119489691404121,0.005204414703921315,5.995965490670708e-7
93.0,7.0,7.0,2.0,0.04576413591951223,0.00914280158056901,2.2924029075722448e-7
94.0,7.0,7.0,2.0,0.05398737113104035,0.009069249845959417,4.838350154477769e-7
95.0,7.0,7.0,2.0,0.03823817945833485,0.003997843979803395,3.6869738818600125e-7
96.0,7.0,7.0,2.0,0.06723646249219262,0.004764429193481985,2.3605127920447085e-7
97.0,8.0,7.0,2.0,0.037300443051285326,0.0026547250385709456,3.810540037393999e-7
98.0,7.0,7.0,3.0,0.06700565875376552,0.0027266377941219675,2.3170302538007025e-7
99.0,7.0,7.0,3.0,0.05315529480499215,0.0024830467455974337,1.3215748008832706e-7
100.0,7.0,7.0,3.0,0.03294260123309445,0.002336427316937074,2.103672297501411e-7
101.0,7.0,7.0,3.0,0.0625316632178341,0.005674017648014,1.7453216512364953e-7
102.0,8.0,7.0,2.0,0.029411069458885386,0.003980020431679746,4.4521571926105253e-7
103.0,7.0,7.0,3.0,0.056494236623803484,0.003098419646137566,2.595937901490477e-7
104.0,7.0,7.0,3.0,0.028796768490193303,0.005158639505193253,5.430247137662304e-7
105.0,6.0,7.0,2.0,0.01809251483430918,0.00460148750747832,4.2296670536031823e-7
106.0,5.0,7.0,2.0,0.01750298131117356,0.0030320764158745183,3.891137798554829e-7
107.0,8.0,7.0,3.0,0.06785483397204395,0.005232043037604247,5.766137117450299e-7
108.0,7.0,7.0,3.0,0.02671933701403817,0.005029756255657293,4.985619072091237e-7
109.0,7.0,7.0,3.0,0.02202697585967095,0.00396176772745678,3.5810764635077975e-7
110.0,8.0,7.0,2.0,0.030362792430468133,0.003694714225566715,3.1644777983194395e-7
111.0,7.0,7.0,3.0,0.04446154554936066,0.00880083829392247,2.5766852278391347e-7
112.0,7.0,7.0,2.0,0.07008588439675156,0.008115886625158317,1.9837020045494564e-7
113.0,7.0,7.0,3.0,0.04600527255649656,0.0030452613077332456,2.7352001891366383e-7
114.0,8.0,7.0,3.0,0.04080707057318467,0.004500637328958498,1.802021924720304e-7
115.0,7.0,7.0,3.0,0.04100669809656843,0.0025862064802741743,1.7720477334073166e-7
116.0,8.0,7.0,3.0,0.05851670630249117,0.008985092501767742,1.7366905594172592e-7
117.0,7.0,7.0,3.0,0.06695140280585532,0.0038013345589311387,1.2256472130116948e-7
118.0,7.0,7.0,2.0,0.06562185911205987,0.007473994031503409,3.407552959560785e-7
119.0,8.0,7.0,3.0,0.04748111619494688,0.008120042922386751,5.313302112947741e-7
120.0,8.0,7.0,2.0,0.024161420366044517,0.002699577982824761,4.1505000429084514e-7
121.0,7.0,7.0,2.0,0.04362469387760637,0.002266176915264308,3.962588618641057e-7
122.0,7.0,7.0,3.0,0.03776097878013718,0.003551255913514919,1.0889078014126449e-7
123.0,7.0,7.0,3.0,0.03368090042914673,0.004836797522301666,4.6977547189376444e-7
124.0,7.0,7.0,2.0,0.03381534345866655,0.006326153854676742,3.1444441772632264e-7
125.0,5.0,7.0,3.0,0.07405931562170731,0.004300176199650445,1.0353833763396086e-7
126.0,5.0,7.0,2.0,0.02561593801066797,0.0054840248314110005,6.005123161667036e-7
127.0,9.0,7.0,3.0,0.06929859143291228,0.008680214576987554,8.569668445903448e-7
128.0,7.0,7.0,3.0,0.06837912399155677,0.002801459839781357,1.9007891283929386e-7
129.0,7.0,7.0,3.0,0.0648385725346674,0.0027043657905919958,1.9820007261351815e-7
130.0,7.0,7.0,3.0,0.06514267143787067,0.0031013908942518027,2.8134983945586817e-7
131.0,8.0,7.0,3.0,0.05615071815285977,0.007175409390306913,3.348645079426684e-7
132.0,8.0,7.0,3.0,0.06299093752744223,0.008354883651342562,5.220540975126173e-7
133.0,8.0,7.0,2.0,0.01768561060516083,0.004154811437384111,4.427348576909428e-7
134.0,7.0,7.0,3.0,0.03433932311747334,0.003614389040736591,3.0943937386772575e-7
135.0,7.0,7.0,2.0,0.0415100424772179,0.003053408977842444,3.056362447015353e-7
136.0,6.0,7.0,2.0,0.0379311474261983,0.004065999945120581,3.2703764975526555e-7
137.0,8.0,7.0,2.0,0.07240501518735254,0.005536205043587821,6.406789553567951e-7
138.0,9.0,7.0,2.0,0.028819218604799746,0.003677458926997059,5.195491377843833e-7
139.0,8.0,7.0,3.0,0.050604626109444384,0.0044765254907082825,2.469442494386476e-7
140.0,8.0,7.0,3.0,0.04625487659842964,0.006691270302396618,3.716602269704054e-7
141.0,6.0,7.0,3.0,0.07074105206127779,0.0031369895614760243,1.6156473253995403e-7
142.0,7.0,7.0,3.0,0.05465484802286058,0.0035035661615149937,2.9955448003835715e-7
143.0,7.0,7.0,2.0,0.049027245727016666,0.003332656610999128,2.9698044359182687e-7
144.0,6.0,7.0,3.0,0.048243375626628726,0.003218022941988803,2.647473444391713e-7
145.0,7.0,7.0,2.0,0.05983760961902851,0.007450060487574415,6.503010999346269e-7
146.0,8.0,7.0,3.0,0.05118344922985085,0.004863965719606272,5.412809846570055e-7
147.0,6.0,7.0,3.0,0.06531366620571033,0.0033817909623310802,1.6581059276622402e-7
148.0,6.0,7.0,3.0,0.0602308168217609,0.002982672281816704,1.5380042183041324e-7
149.0,7.0,7.0,3.0,0.06517398226901716,0.003272640705765014,2.7198162368215046e-7
150.0,7.0,7.0,2.0,0.03153432121308075,0.0055074932061273596,6.60071495800238e-7
151.0,7.0,7.0,3.0,0.07272676178215087,0.00290928128886919,2.4982636750512255e-7
152.0,6.0,7.0,3.0,0.06538091329124573,0.00312449864162299,1.654513532557038e-7
153.0,7.0,7.0,3.0,0.07263795415257168,0.004947276154245283,2.3126044386425494e-7
154.0,7.0,7.0,3.0,0.03284064991981506,0.005576513087676361,1.750140865615487e-7
155.0,8.0,7.0,2.0,0.03241609620325381,0.004616583647995734,4.7168131252480107e-7
156.0,7.0,7.0,3.0,0.05999046915735162,0.004539745566422551,4.385210864355717e-7
157.0,9.0,7.0,3.0,0.06228399423422726,0.004119477827136054,8.174674204096613e-7
158.0,8.0,7.0,2.0,0.07358585658755579,0.004633653784077158,4.946461961165091e-7
159.0,6.0,7.0,3.0,0.055828439233853944,0.002769996205893348,1.8656192378287463e-7
160.0,8.0,7.0,3.0,0.0424755696222292,0.003621266285295723,2.190606909641681e-7
161.0,8.0,7.0,3.0,0.06994458691261718,0.004241872092146656,4.103551921266888e-7
162.0,6.0,7.0,3.0,0.057013336445078,0.00352831791166719,1.2669326458495504e-7
163.0,8.0,7.0,3.0,0.0696364628031676,0.002945015392539864,2.4302532811701974e-7
164.0,8.0,7.0,2.0,0.02515826958026124,0.00465985550918068,4.1916099132336594e-7
165.0,5.0,7.0,3.0,0.06028033660938492,0.003081135080643511,2.502253260562879e-7
166.0,7.0,7.0,2.0,0.01991069989372596,0.004838489294192912,4.716169065541158e-7
167.0,8.0,7.0,2.0,0.04548333370385382,0.006801692880987424,3.5657535434012064e-7
168.0,7.0,7.0,3.0,0.05065310208819829,0.0034631122808067394,2.9837368449359915e-7
169.0,7.0,7.0,3.0,0.06304634690585575,0.0030683265284846255,1.5710872805290163e-7
170.0,7.0,7.0,3.0,0.03888910873753648,0.0032642189288629624,2.808880945626722e-7
171.0,6.0,7.0,3.0,0.06315785155471032,0.0031493978236809593,1.5594590718919917e-7
172.0,9.0,7.0,2.0,0.059501574263238766,0.004105722400347604,6.992292727489574e-7
173.0,8.0,7.0,3.0,0.06746241716836154,0.00986363889960003,3.4791079691951353e-7
174.0,8.0,7.0,3.0,0.05265743337725959,0.004185805715419592,4.053232106150478e-7
175.0,6.0,7.0,3.0,0.05908719435955434,0.0037775399031915943,1.1360162418903127e-7
176.0,6.0,7.0,2.0,0.04268998653837475,0.003951050076357171,1.7297724958744766e-7
177.0,8.0,7.0,3.0,0.02985559325894327,0.00551651478029076,3.613586448165605e-7
178.0,6.0,7.0,2.0,0.013873095351187192,0.010588766701881141,1.9359224429813094e-7
179.0,7.0,7.0,3.0,0.061863773836943636,0.0032322196255614895,1.2905811075876972e-7
180.0,6.0,7.0,3.0,0.05169327121907852,0.0036525692465980944,3.0340602081846237e-7
181.0,8.0,7.0,3.0,0.02849793698349745,0.005369271786799108,4.7118843967396906e-7
182.0,8.0,7.0,2.0,0.045251339437790694,0.003548630555674219,3.6423780750928144e-7
183.0,8.0,7.0,3.0,0.040181537481340346,0.004237558690053723,2.4106011052158176e-7
184.0,8.0,7.0,3.0,0.05631353806912287,0.007141487253219558,4.204779002887456e-7
185.0,7.0,7.0,2.0,0.03751463687317935,0.004937869106176828,4.941187946510468e-7
186.0,8.0,7.0,3.0,0.05480239926944552,0.004441683001731155,4.502199541419818e-7
187.0,9.0,7.0,2.0,0.06706499683494549,0.011835120694966944,7.700775347083122e-7
188.0,7.0,7.0,3.0,0.020918151698270382,0.005250751339962092,5.104834266315228e-7
189.0,8.0,7.0,3.0,0.026743815707134466,0.006719181332085663,2.9434300691362194e-7
190.0,7.0,7.0,3.0,0.06823912340752147,0.0029243155901254206,2.598088752603402e-7
191.0,7.0,7.0,3.0,0.06438375691700426,0.002687342146830261,2.4533035987365246e-7
192.0,8.0,7.0,3.0,0.03012028890801499,0.00559302257916657,6.24661167697942e-7
193.0,7.0,7.0,3.0,0.04330897630067998,0.0049290876713707354,4.83665751202457e-7
194.0,8.0,7.0,2.0,0.026051321256424398,0.0038744315181917636,5.199978099125133e-7
195.0,6.0,7.0,2.0,0.03252148732120119,0.005033093395879451,5.025107047507277e-7
196.0,7.0,7.0,3.0,0.07450637932699355,0.004902469160908099,4.993300301207169e-7
197.0,7.0,7.0,2.0,0.06833080662195701,0.005617892812846692,6.51436209494385e-7
198.0,6.0,7.0,3.0,0.04942669860990989,0.003999998358423687,3.4298558882910027e-7
199.0,8.0,7.0,2.0,0.06310177067973499,0.005090092874623489,5.578031364234781e-7
200.0,8.0,7.0,3.0,0.06667841588137513,0.009701928390869138,2.7071676507952707e-7
201.0,8.0,7.0,2.0,0.054767207784474525,0.002859226708930295,3.7523261821454876e-7
202.0,7.0,7.0,2.0,0.018687662955458872,0.002824281652768926,3.9012420925736707e-7
203.0,8.0,7.0,2.0,0.03364037484600835,0.003773219637948482,5.551964398777089e-7
204.0,7.0,7.0,3.0,0.07155634391646548,0.0024512711023510904,1.4649020954772594e-7
205.0,6.0,7.0,3.0,0.06367497832517732,0.002846838544263266,1.854842395874364e-7
206.0,7.0,7.0,3.0,0.05406823880881151,0.006167312411482223,1.207542494828235e-7
207.0,7.0,7.0,3.0,0.07723610786581303,0.004821216882972577,4.6351295528772584e-7
208.0,5.0,7.0,3.0,0.07380165144470507,0.003734464718346801,1.3195238541676918e-7
209.0,8.0,7.0,3.0,0.03398835206978168,0.003930015330098373,2.8693031888454404e-7
210.0,8.0,7.0,3.0,0.06260848920743367,0.007783359025815797,4.403329560851133e-7
211.0,8.0,7.0,2.0,0.07233551131590277,0.0043894025950973635,5.006761859261378e-7
212.0,7.0,7.0,3.0,0.0341465575401978,0.003102321653487804,2.625727395964991e-7
213.0,7.0,7.0,2.0,0.04660898639738198,0.0030568262972735455,2.8192293894460166e-7
214.0,8.0,7.0,3.0,0.024324369696633985,0.004454184124722033,3.9566803816727506e-7
215.0,7.0,7.0,3.0,0.029671401148887888,0.007567090101161883,2.1471727307838672e-7
216.0,8.0,7.0,2.0,0.03816114203392562,0.004291887818836159,4.5694579770542373e-7
217.0,8.0,7.0,2.0,0.06628465537486994,0.005933579820801764,6.096114254828009e-7
218.0,9.0,7.0,2.0,0.05344320801580693,0.004904884935196495,7.506893607341066e-7
219.0,7.0,7.0,3.0,0.06454702430716042,0.0035354464054541098,1.122345977792925e-7
220.0,8.0,7.0,2.0,0.052770955415255116,0.006548609134759862,5.159453965795776e-7
221.0,7.0,7.0,3.0,0.07423621699148497,0.004956402600109181,1.1892404247474836e-7
222.0,6.0,7.0,3.0,0.054001709304245304,0.003726039009074422,1.1920139593773347e-7
223.0,5.0,7.0,2.0,0.039238100840725654,0.0029818237711995007,2.443896238110134e-7
224.0,8.0,7.0,3.0,0.03137217146822158,0.00552529899699304,6.506451351646272e-7
225.0,5.0,7.0,2.0,0.057221379004401385,0.004408303077054183,4.3708558280553015e-7
226.0,7.0,7.0,2.0,0.05728913311507999,0.008873609046535115,5.94537200742865e-7
227.0,7.0,7.0,3.0,0.07728745212632082,0.0030474146109063815,1.1181650653478636e-7
228.0,8.0,7.0,2.0,0.04231260714787832,0.0036339337262172584,5.174438309136746e-7
229.0,7.0,7.0,2.0,0.017066371637714184,0.0048845675951649315,3.8999705883635074e-7
230.0,7.0,7.0,3.0,0.06475734175065284,0.003315549174466954,2.884867530378871e-7
231.0,8.0,7.0,2.0,0.023847472486774546,0.003509595439122971,4.687507810195826e-7
232.0,6.0,7.0,3.0,0.0641784853990397,0.010650208218894832,1.9943392237477353e-7
233.0,8.0,7.0,3.0,0.05794591160716478,0.004462831855320354,2.7213604877156163e-7
234.0,7.0,7.0,2.0,0.031582326021887264,0.004218759688350395,4.055578205796676e-7
235.0,8.0,7.0,2.0,0.0432037615603702,0.007671454833408071,5.307450546546005e-7
236.0,8.0,7.0,3.0,0.03825785847005636,0.004640829687952392,3.307129528421149e-7
237.0,5.0,7.0,3.0,0.049536258323880755,0.003085848954645718,1.5743609547794647e-7
238.0,7.0,7.0,2.0,0.013857363593205552,0.0037246185826978286,3.283781425836907e-7
239.0,7.0,7.0,2.0,0.020823084699167715,0.0074015622181722125,5.273134968241768e-7
240.0,7.0,7.0,3.0,0.04395379725310411,0.0028874910140826446,2.1647922288141685e-7
241.0,8.0,7.0,2.0,0.04635480625011157,0.003346560391683487,4.113648137345631e-7
242.0,8.0,7.0,3.0,0.07333861589919466,0.008016358340268053,3.0145695094422326e-7
243.0,8.0,7.0,2.0,0.04311942512047162,0.005572679196062582,6.337954127708008e-7
244.0,9.0,7.0,3.0,0.02565156770002419,0.005314851333388876,6.650412217639598e-7
245.0,7.0,7.0,3.0,0.05450603091050854,0.004802685259144539,4.532168850266763e-7
246.0,8.0,7.0,2.0,0.052754564057241105,0.0039372214460975195,7.270444911535073e-7
247.0,7.0,7.0,3.0,0.07928123787737196,0.0030371576387873797,1.372717757258579e-7
248.0,8.0,7.0,3.0,0.07555137205464502,0.0040061756608346,2.965595716468148e-7
249.0,7.0,7.0,3.0,0.06590387524872843,0.003808094203003768,3.3365774616457973e-7
250.0,7.0,7.0,2.0,0.027423746026495666,0.00483698762566775,4.94435953568828e-7
251.0,7.0,7.0,3.0,0.03764397166135436,0.0026563982377936445,1.702273462053865e-7
252.0,8.0,7.0,2.0,0.021219927104156433,0.004866860288074439,5.181577074128309e-7
253.0,6.0,7.0,3.0,0.06376693656689958,0.007434127567051249,1.0977017867040378e-7
254.0,7.0,7.0,3.0,0.06811527648679361,0.0027438444913705133,1.6872860912261597e-7
255.0,7.0,7.0,2.0,0.0530516998170103,0.002707526846860462,2.5004858931329447e-7
256.0,7.0,7.0,3.0,0.04911592792036146,0.002732977661341577,2.2076734575415395e-7
257.0,6.0,7.0,2.0,0.015029969879311711,0.0028047432102058247,2.5233677038608474e-7
258.0,7.0,7.0,3.0,0.07489315315496348,0.0032305465528663954,2.78179659859793e-7
259.0,7.0,7.0,3.0,0.07101415156788526,0.0031416361434701006,2.1730475569704928e-7
260.0,7.0,7.0,2.0,0.02431296118570625,0.002717531940407736,2.5917163172371225e-7
261.0,7.0,7.0,2.0,0.03553997817487442,0.00285032519051204,5.44491248555283e-7
262.0,8.0,7.0,3.0,0.03802067686880006,0.005472894414952576,6.026699169279104e-7
263.0,8.0,7.0,3.0,0.06641828782136616,0.006760007519570946,5.250552886985815e-7
264.0,8.0,7.0,3.0,0.05438622995526221,0.004064514459704752,3.7911448033096183e-7
265.0,8.0,7.0,3.0,0.05546065238587361,0.00889684049883528,3.233926417313006e-7
266.0,7.0,7.0,3.0,0.0376295549393354,0.0029149084779161415,1.360802762399601e-7
267.0,7.0,7.0,2.0,0.05062195280255333,0.012078306091375862,2.8010511943030906e-7
268.0,6.0,7.0,2.0,0.039534888253438094,0.004864675962002538,4.7768675456175e-7
269.0,7.0,7.0,3.0,0.07714976775449034,0.009191644026439903,2.4366663763570965e-7
270.0,7.0,7.0,3.0,0.07161965752348176,0.002494291553935915,1.9696338548358284e-7
271.0,7.0,7.0,3.0,0.07932228133279207,0.004705595917380376,1.6504877951153818e-7
272.0,8.0,7.0,3.0,0.0654204363813855,0.005077248398351357,5.251949438159786e-7
273.0,6.0,7.0,2.0,0.06687603315079649,0.005957144199624122,2.506160896361999e-7
274.0,9.0,7.0,2.0,0.031293799023297986,0.004092617671328841,6.154065706871792e-7
275.0,7.0,7.0,2.0,0.016417833207663435,0.004197378041934423,3.879385948404152e-7
276.0,7.0,7.0,3.0,0.027409258764143907,0.00694541185221382,3.596336010748413e-7
277.0,8.0,7.0,2.0,0.021165451974983096,0.0047997454167433475,5.243926957002961e-7
278.0,8.0,7.0,3.0,0.06782357967363684,0.005744954421871255,5.424516896438127e-7
279.0,7.0,7.0,2.0,0.04762939314822434,0.002911971745468427,3.4157833007502287e-7
280.0,6.0,7.0,2.0,0.054237424526294875,0.005282759491258165,2.3554221174362513e-7
281.0,7.0,7.0,3.0,0.06760342818762677,0.0040917454724305035,1.3002023955696526e-7
282.0,9.0,7.0,2.0,0.01987670403960351,0.004132749239651495,5.353644153496984e-7
283.0,8.0,7.0,3.0,0.028582171337463658,0.005611358456997364,6.292583434209649e-7
284.0,6.0,7.0,3.0,0.07203688950215748,0.0036725513710364217,1.2850252144588932e-7
285.0,6.0,7.0,3.0,0.06975730571057792,0.00989623992223026,1.1344025202172706e-7
286.0,7.0,7.0,3.0,0.0668545969169303,0.014486521486583165,1.8996768120290267e-7
287.0,8.0,7.0,2.0,0.04866971111285423,0.0044883431865633235,7.856839078295587e-7
288.0,7.0,7.0,3.0,0.0453477653873815,0.005816884933430964,2.7410908183734073e-7
289.0,7.0,7.0,3.0,0.043136574217575774,0.0040894489413182905,3.7973502986324527e-7
290.0,9.0,7.0,2.0,0.019859123266324552,0.004280239549731157,5.144720402590028e-7
291.0,7.0,7.0,3.0,0.052483644374043736,0.002658012728566986,1.802503284076128e-7
292.0,8.0,7.0,2.0,0.02043184328809078,0.007654842714418121,4.942506869104481e-7
293.0,7.0,7.0,2.0,0.046171600210495045,0.005566731052482984,6.109754707149987e-7
294.0,7.0,7.0,3.0,0.048749218905159264,0.009103532700730608,1.2426737340479259e-7
295.0,8.0,7.0,2.0,0.016125357126735906,0.003763164720827828,4.024765697528394e-7
296.0,8.0,7.0,2.0,0.022186199887677116,0.004998331746914482,5.507419732696885e-7
297.0,7.0,7.0,3.0,0.05892178771387102,0.0023879761253851324,2.1116943978998918e-7
298.0,8.0,7.0,3.0,0.07067728641348037,0.0038729179753015527,2.3155458041367053e-7
299.0,7.0,7.0,3.0,0.06919798686747636,0.002564037434536957,2.2795557461803647e-7
300.0,8.0,7.0,2.0,0.019882708166030216,0.0034143160470031424,4.3332605138251563e-7
301.0,7.0,7.0,3.0,0.075220839254172,0.002496910040682163,2.2428049072536132e-7
302.0,7.0,7.0,2.0,0.012575374446562648,0.009577828091704379,3.7840315940275175e-7
303.0,7.0,7.0,3.0,0.0594601764757805,0.0029277761681573322,1.6997657961555025e-7
304.0,7.0,7.0,2.0,0.03552817207401526,0.0028356401052936965,2.5484666391267493e-7
305.0,5.0,7.0,2.0,0.031012880535384646,0.003501645431548344,2.9264018193501444e-7
306.0,5.0,7.0,2.0,0.06776129833303823,0.0073306542755714275,1.8982769508279956e-7
307.0,8.0,7.0,3.0,0.037236452684487276,0.00396967415203796,2.5837787294163353e-7
308.0,7.0,7.0,3.0,0.06967918461667122,0.003169684295177366,2.739155205922306e-7
309.0,7.0,7.0,3.0,0.0206775371574488,0.005597477337447697,3.1948378757861077e-7
310.0,8.0,7.0,2.0,0.05349099243443334,0.008700422163939788,6.29284643231655e-7
311.0,6.0,7.0,3.0,0.06446095755966086,0.00390460623928574,1.1543078524015124e-7
312.0,6.0,7.0,2.0,0.03923122633915299,0.0055199653686876385,6.2395216796292e-7
313.0,7.0,7.0,3.0,0.04170654139956209,0.002359406984169423,2.089923242304658e-7
314.0,7.0,7.0,3.0,0.04580401965828207,0.0032840534077265057,1.4214514324244012e-7
315.0,8.0,7.0,2.0,0.04842916640694739,0.0037155376380966065,4.800720946078014e-7
316.0,8.0,7.0,3.0,0.03361462379300639,0.005427538531098098,5.998483269102985e-7
317.0,8.0,7.0,3.0,0.04388195313948118,0.004144081409035718,2.4964804834821723e-7
318.0,6.0,7.0,3.0,0.07117773372866498,0.004091590235632366,1.0327181352017385e-7
319.0,5.0,7.0,2.0,0.0466909344181321,0.0031448649413723107,2.7870602358315896e-7
320.0,5.0,7.0,3.0,0.0701625634563785,0.0038302727454171404,1.2480534941678884e-7
321.0,7.0,7.0,3.0,0.05322579641800873,0.010772308438661437,1.7482170923756098e-7
322.0,7.0,7.0,2.0,0.04021036171463255,0.005599460471741805,6.55262488203761e-7
323.0,8.0,7.0,2.0,0.03363511537786068,0.004797019514968558,5.09118951487762e-7
324.0,7.0,7.0,2.0,0.04203805898466029,0.006008096929577451,5.380661478154443e-7
325.0,6.0,7.0,3.0,0.06478577368738736,0.0065731165546925605,1.597205448277465e-7
326.0,5.0,7.0,2.0,0.06703522532340478,0.01543691023357644,1.4066975587357625e-7
327.0,8.0,7.0,3.0,0.06678637158788114,0.005177850548613699,5.380682270187775e-7
328.0,7.0,7.0,3.0,0.057170123118673866,0.003193244685618535,2.711956168328581e-7
329.0,9.0,7.0,2.0,0.03833081281588413,0.004522353588474648,5.571645577634214e-7
330.0,7.0,7.0,3.0,0.04374203885135852,0.005290322227155393,4.020970772901564e-7
331.0,6.0,7.0,2.0,0.0747865471983955,0.00644331724112588,5.657287559643457e-7
332.0,8.0,7.0,2.0,0.045194761737346933,0.003867931249366916,3.629984480339981e-7
333.0,6.0,7.0,3.0,0.046538970262895996,0.002782135961819096,2.3065285442264847e-7
334.0,8.0,7.0,3.0,0.0422566422252304,0.005265022962725708,5.717044513481058e-7
335.0,8.0,7.0,3.0,0.04323141769782968,0.00504297933458639,5.077410363350269e-7
336.0,7.0,7.0,3.0,0.05775131868366157,0.004368785113971483,4.0853800817935907e-7
337.0,8.0,7.0,3.0,0.079548304690086,0.008528106587743872,3.7667000667056334e-7
338.0,7.0,7.0,3.0,0.042059114266191466,0.005140338405766067,5.076499822591146e-7
339.0,6.0,7.0,3.0,0.06648865813091764,0.0038357197722072617,1.26803142604253e-7
340.0,7.0,7.0,2.0,0.01725963042441947,0.0027243661808358465,2.1333417784981164e-7
341.0,9.0,7.0,2.0,0.02628165272092131,0.003558281213963712,4.306157291774544e-7
342.0,6.0,7.0,3.0,0.05181064307774452,0.003434423030389513,1.1812238029201975e-7
343.0,8.0,7.0,3.0,0.03630943207023063,0.005042194722165593,3.545599012672782e-7
344.0,7.0,7.0,3.0,0.028168505860026505,0.007696081746964858,2.8023382111561826e-7
345.0,6.0,7.0,3.0,0.05521824156632982,0.0028663824135304007,1.852644977426875e-7
346.0,8.0,7.0,3.0,0.05871515769791502,0.007281400474495693,4.357025342022732e-7
347.0,6.0,7.0,3.0,0.06981270816456253,0.0037542266985674468,1.1455026527836912e-7
348.0,7.0,7.0,2.0,0.06205917097835867,0.004651489220039687,4.5006734769896377e-7
349.0,7.0,7.0,3.0,0.026784864874608516,0.004666545416154256,4.5333372081527953e-7
350.0,6.0,7.0,3.0,0.06358181509364536,0.0025266242950428594,2.2240236423871803e-7
351.0,8.0,7.0,3.0,0.029820684848200996,0.008466426922282427,2.8780144659595716e-7
352.0,9.0,7.0,3.0,0.02344937056222518,0.004789770689572146,6.135100569656622e-7
353.0,5.0,7.0,2.0,0.025002260019851175,0.006483072220045627,6.533837725475391e-7
354.0,6.0,7.0,3.0,0.0692454305829997,0.0033528914472806667,1.5016667536829303e-7
355.0,8.0,7.0,3.0,0.042522872850358606,0.0038325678709319752,3.6193107091012846e-7
356.0,6.0,7.0,3.0,0.039426504940503815,0.00824261360019078,1.3065064903421033e-7
357.0,7.0,7.0,2.0,0.034422945960828955,0.009061647920705287,4.556047852571078e-7
358.0,8.0,7.0,2.0,0.06769912801265798,0.003209925176603413,3.1087369731232434e-7
359.0,6.0,7.0,2.0,0.062461413760818374,0.0020183750908211494,1.774596888531043e-7
360.0,5.0,7.0,3.0,0.07140750033099619,0.003425296943392827,1.5225116564391807e-7
361.0,8.0,7.0,3.0,0.053241831405089535,0.004310511745775624,4.1102495300963294e-7
362.0,7.0,7.0,3.0,0.06218858831888774,0.008894062711927546,2.467468965332638e-7
363.0,8.0,7.0,2.0,0.0186296980689149,0.005985756732996842,4.796645400876066e-7
364.0,8.0,7.0,3.0,0.06895625813497941,0.0050591344627510665,5.197869791696597e-7
365.0,8.0,7.0,3.0,0.04284205414675046,0.004382381349022139,1.973004280282264e-7
366.0,7.0,7.0,2.0,0.07919628101435183,0.004076355023918797,3.6837355823426607e-7
367.0,7.0,7.0,3.0,0.06691531703861009,0.0031120044549018465,2.728520086572481e-7
368.0,7.0,7.0,3.0,0.03541242336957029,0.003211989363907085,1.804645638404494e-7
369.0,8.0,7.0,3.0,0.04329157046636478,0.005290588101558743,6.00369661652649e-7
370.0,7.0,7.0,2.0,0.01117755985649449,0.008947249396193135,3.5249924383964536e-7
371.0,7.0,7.0,3.0,0.05854048108095011,0.002410351007656625,2.1141433297878085e-7
372.0,6.0,7.0,2.0,0.05092021659246604,0.00605853555673955,4.723208422476323e-7
373.0,7.0,7.0,3.0,0.05251276984676467,0.003513004834096123,2.991757578511858e-7
374.0,9.0,7.0,2.0,0.020993896059374517,0.004217166867767213,5.757684851542086e-7
375.0,7.0,7.0,3.0,0.045119557465723936,0.0032662766016257295,1.693187698190471e-7
376.0,7.0,7.0,3.0,0.06464604329049561,0.002837898949129581,1.6306438919061832e-7
377.0,7.0,7.0,2.0,0.03714872944228942,0.005367428721295464,6.056183000395384e-7
378.0,5.0,7.0,2.0,0.07262438314439112,0.007313988196953889,3.619537386500569e-7
379.0,7.0,7.0,3.0,0.031793192932089376,0.007816618755190642,5.234775379179067e-7
380.0,7.0,7.0,3.0,0.04944683846519937,0.0029923871248774413,2.671402823137454e-7
381.0,7.0,7.0,3.0,0.06665421749562617,0.003230661548636895,1.8641012096976447e-7
382.0,7.0,7.0,3.0,0.0355407373024863,0.00425481126583131,3.285854586363424e-7
383.0,6.0,7.0,3.0,0.04118925784993577,0.003254445627879369,2.556058004505151e-7
384.0,5.0,7.0,2.0,0.025975539282934834,0.0022985260793177875,1.974934663199887e-7
385.0,7.0,7.0,3.0,0.06994785972957585,0.0047135555377516595,4.4721095658822226e-7
386.0,6.0,7.0,2.0,0.028250934069673495,0.009576344710749772,3.182252250845553e-7
387.0,6.0,7.0,3.0,0.05843928094897666,0.004756369774804899,1.2621993254745475e-7
388.0,8.0,7.0,3.0,0.05033531601854868,0.005864441652431973,6.628055323065401e-7
389.0,7.0,7.0,3.0,0.06142349164332761,0.0036257080120148354,2.7142874760588123e-7
390.0,6.0,7.0,3.0,0.041134060177042686,0.002894655833789169,2.4021362597410284e-7
391.0,6.0,7.0,3.0,0.05871628157858977,0.003088108258131339,1.600510078812281e-7
392.0,7.0,7.0,3.0,0.04575679531501842,0.01193856662598718,2.5314972384226575e-7
393.0,5.0,7.0,2.0,0.06132735505657516,0.0028322728934933768,1.9184574071149798e-7
394.0,9.0,7.0,2.0,0.0310918145245207,0.0032500243637506613,3.9345538366557425e-7
395.0,6.0,7.0,3.0,0.06678759733945294,0.0034604480592557436,2.817892454146634e-7
396.0,7.0,7.0,3.0,0.03184382517599338,0.0029769236365539496,2.665447493760214e-7
397.0,8.0,7.0,3.0,0.05111350491822986,0.004686266523127846,7.080621129210148e-7
398.0,8.0,7.0,3.0,0.05252412666851347,0.0038900985178854995,2.270168322530987e-7
399.0,6.0,7.0,3.0,0.04371378635762979,0.002528091283580528,1.886955463459286e-7
400.0,8.0,7.0,2.0,0.018713517583577755,0.004308623970903446,4.769257234855195e-7
401.0,6.0,7.0,2.0,0.009656279691522274,0.0019428163155267566,1.8994639857139497e-7
402.0,7.0,7.0,3.0,0.03684199277280653,0.006424850390884127,1.1175124562936431e-7
403.0,6.0,7.0,2.0,0.05859647314755212,0.004442783232785213,4.2109370271428875e-7
404.0,7.0,7.0,3.0,0.04560475346224924,0.01638936428066674,1.4244608538859507e-7
405.0,6.0,7.0,3.0,0.06927096384075249,0.0030926825425873355,1.6910016761789086e-7
406.0,8.0,7.0,3.0,0.053373035175892536,0.006652641065994049,6.742113427557429e-7
407.0,8.0,7.0,3.0,0.05830899666713196,0.0033716615874546368,3.0728924424479655e-7
408.0,6.0,7.0,3.0,0.06047775212916773,0.002929427008493509,1.7433991376809425e-7
409.0,7.0,7.0,3.0,0.056976887283562094,0.002711208322429654,2.254856306983042e-7
410.0,8.0,7.0,3.0,0.04335353752895443,0.003940481426139869,3.744683733091342e-7
411.0,7.0,7.0,3.0,0.06665041559206264,0.003242362330960976,2.321044051123556e-7
412.0,5.0,7.0,3.0,0.07590518505745092,0.0038784981477617067,1.2187629316363292e-7
413.0,5.0,7.0,3.0,0.06834575160746703,0.003604292391793162,1.8538357189116984e-7
414.0,7.0,7.0,2.0,0.037560073377134184,0.004779945851035968,4.78523886609109e-7
415.0,7.0,7.0,2.0,0.04400326245880848,0.005449976844284447,3.0056124563383624e-7
416.0,7.0,7.0,3.0,0.07337501482858388,0.003908184865658446,1.4169510092334515e-7
417.0,7.0,7.0,3.0,0.036704061456490855,0.005880805401990173,2.755789229748189e-7
418.0,7.0,7.0,3.0,0.07853556804628448,0.0032889046463909703,1.2123644661152684e-7
419.0,8.0,7.0,2.0,0.03431880422501177,0.0035432148637873644,2.8003098286300806e-7
420.0,7.0,7.0,3.0,0.06608178982484347,0.002758938128720625,2.423163831104468e-7
421.0,7.0,7.0,2.0,0.01245588145073917,0.004348983441497957,3.6240901404231745e-7
422.0,7.0,7.0,3.0,0.021135048184372618,0.002803103718127374,2.407609866788448e-7
423.0,8.0,7.0,2.0,0.016142447738389354,0.004993930885671102,4.073026599757282e-7
424.0,9.0,7.0,2.0,0.055722945753076125,0.01101332880336083,6.451580055247477e-7
425.0,8.0,7.0,2.0,0.07329724255857317,0.003689647252187353,4.570430030879339e-7
426.0,8.0,7.0,3.0,0.06906578062575996,0.008455769320329454,2.148118223932877e-7
427.0,7.0,7.0,3.0,0.025906819226312994,0.004364794073738586,3.9835231262162476e-7
428.0,7.0,7.0,3.0,0.021935711755110443,0.0051290666415965205,5.283455364215857e-7
429.0,8.0,7.0,3.0,0.0575526957018484,0.0046500102935793375,1.665566135745127e-7
430.0,6.0,7.0,3.0,0.06687189789947223,0.0037490986697895218,1.0741328167669176e-7
431.0,8.0,7.0,3.0,0.05195829876811353,0.004111774568240761,3.772951601986595e-7
432.0,8.0,7.0,3.0,0.05250728916892489,0.004188711682866542,1.7604877715865602e-7
433.0,6.0,7.0,2.0,0.008727340498695169,0.005927792910849317,2.2429039873096314e-7
434.0,7.0,7.0,3.0,0.04111593597977281,0.00428275981127343,3.809357883685137e-7
435.0,8.0,7.0,2.0,0.03837111208531274,0.004044905540858115,3.1964510593613643e-7
436.0,7.0,7.0,2.0,0.02154918984056442,0.00463924373942906,5.147066855074034e-7
437.0,8.0,7.0,3.0,0.04839704119505073,0.00505103869168752,5.201374368089774e-7
438.0,8.0,7.0,3.0,0.0313131781204361,0.0045927025457341,3.070849856187047e-7
439.0,6.0,7.0,2.0,0.0724422402712197,0.004755317092910231,4.7173608862268437e-7
440.0,6.0,7.0,3.0,0.05585355162803185,0.0035865206180262137,1.4020762597914195e-7
441.0,8.0,7.0,2.0,0.015530981212347417,0.007836140710772556,3.051018938722623e-7
442.0,5.0,7.0,3.0,0.07554702348781905,0.004283682753127688,1.0199597400798675e-7
443.0,7.0,7.0,2.0,0.03875550340476064,0.003054157487654673,2.8764985295762724e-7
444.0,7.0,7.0,3.0,0.07012921901254465,0.003198196752595632,2.7070772219575076e-7
445.0,8.0,7.0,3.0,0.03452532594205482,0.004469065991142708,4.2546297679818074e-7
446.0,7.0,7.0,3.0,0.03328413671641406,0.0022431886069637906,1.8769482812308564e-7
447.0,7.0,7.0,3.0,0.06372263142541246,0.004869341378536482,4.942858212612002e-7
448.0,7.0,7.0,3.0,0.03956502203939505,0.0033350695412086373,2.9600383223356063e-7
449.0,7.0,7.0,3.0,0.052346017973287085,0.002974866811973469,2.5404730193158333e-7
450.0,8.0,7.0,2.0,0.03842149939828543,0.0030965616777042294,5.72342230918292e-7
451.0,7.0,7.0,3.0,0.04784824225601225,0.004802627240485545,4.793690682239238e-7
452.0,8.0,7.0,3.0,0.046483461258116865,0.007885945569296995,2.2025192357788835e-7
453.0,7.0,7.0,2.0,0.016588432680417764,0.004123659563673256,3.9944197897699073e-7
454.0,8.0,7.0,2.0,0.04144044506746325,0.003830303661955721,4.4198262009019807e-7
455.0,7.0,7.0,3.0,0.05503065737038715,0.0050201091876002505,2.0604161145778465e-7
456.0,7.0,7.0,3.0,0.043676414256082596,0.002599805974268877,2.084105955756182e-7
457.0,7.0,7.0,3.0,0.038524956626633244,0.007657249970292366,2.923959687777915e-7
458.0,8.0,7.0,3.0,0.03114420095612047,0.006995341242897016,4.918151445612311e-7
459.0,7.0,7.0,2.0,0.07588145377629041,0.005138107828651027,5.20655656653634e-7
460.0,8.0,7.0,2.0,0.02955291507467117,0.007034031157828772,5.419290286438571e-7
461.0,8.0,7.0,2.0,0.024700530608884996,0.0073945036674474595,6.477101133949415e-7
462.0,7.0,7.0,3.0,0.06119262619891064,0.002648356221476952,2.3068902322281748e-7
463.0,7.0,7.0,2.0,0.06234275446930626,0.0044867636587801,3.2807755583924647e-7
464.0,7.0,7.0,3.0,0.06015978381314557,0.0035711591458406113,3.0408960578433797e-7
465.0,7.0,7.0,3.0,0.03696574783922313,0.0029990752399617028,1.4291764667127138e-7
466.0,8.0,7.0,2.0,0.029626866311733835,0.007843443915455366,6.03856737621243e-7
467.0,6.0,7.0,3.0,0.06673783960144997,0.003448538923552703,1.3648207695126432e-7
468.0,7.0,7.0,3.0,0.072198594626675,0.002961438312810282,1.5035974852077774e-7
469.0,6.0,7.0,3.0,0.07618613248180361,0.0027728078672154717,2.066757755010901e-7
470.0,7.0,7.0,3.0,0.05725163571620606,0.005027648017540984,5.348654369886045e-7
471.0,8.0,7.0,2.0,0.05453099740803191,0.006297882110135091,6.483288603949219e-7
472.0,7.0,7.0,3.0,0.028795507011994292,0.004012049201252866,3.561634785140233e-7
473.0,9.0,7.0,2.0,0.06887818235307197,0.008390156942872628,8.117848527351259e-7
474.0,7.0,7.0,3.0,0.05982701751605035,0.014899006733962498,1.7216091563105652e-7
475.0,8.0,7.0,3.0,0.0596854506273774,0.008828307948352853,3.4182794873581546e-7
476.0,7.0,7.0,3.0,0.048727843211171074,0.002641838004338152,2.3188421929275673e-7
477.0,8.0,7.0,3.0,0.03668618264329693,0.003656735915198845,4.3082557213815793e-7
478.0,7.0,7.0,3.0,0.05090493496131354,0.003000776416588072,1.6196119491927934e-7
479.0,6.0,7.0,3.0,0.05607778023998988,0.0029654056970481787,2.4566079107140107e-7
480.0,8.0,7.0,2.0,0.052743109866924875,0.004047488704080579,7.224476781685796e-7
481.0,8.0,7.0,3.0,0.058429780703720624,0.004581513350719437,4.426850376174043e-7
482.0,7.0,7.0,3.0,0.041189428652290694,0.002945322381927874,1.5531211931646643e-7
483.0,7.0,7.0,3.0,0.06546901988607123,0.004110214497496721,3.756892429944334e-7
484.0,8.0,7.0,2.0,0.0479871171648627,0.006123157026225538,4.348026934062561e-7
485.0,6.0,7.0,2.0,0.055251876162116575,0.007342859853964339,3.832651080280882e-7
486.0,7.0,7.0,3.0,0.0395014504959732,0.005269919452391434,1.7663183190351436e-7
487.0,7.0,7.0,3.0,0.02286409796301614,0.006684989131535123,5.311519981085682e-7
488.0,8.0,7.0,2.0,0.0430932818754286,0.00712900023969894,5.041148018246449e-7
489.0,8.0,7.0,3.0,0.06545297986029874,0.005671755071764229,2.0634376642736199e-7
490.0,7.0,7.0,2.0,0.07513066604531948,0.003580072299726462,3.1984995038871266e-7
491.0,8.0,7.0,2.0,0.03851249565619064,0.0056387067963067925,5.778436737295594e-7
492.0,7.0,7.0,2.0,0.00929653318204493,0.0027401105867529653,1.6206300563468335e-7
493.0,7.0,7.0,3.0,0.026964556767868242,0.006462380610313109,1.8520177560598052e-7
494.0,7.0,7.0,2.0,0.014504833068236245,0.008910022866330093,3.9871929519360113e-7
495.0,8.0,7.0,3.0,0.05661837579337092,0.0065414002582128445,2.940329076321409e-7
496.0,6.0,7.0,2.0,0.04973954835330274,0.0036959257619075397,3.268083836223584e-7
497.0,7.0,7.0,3.0,0.06769393685205793,0.004979401573579296,4.864155711151225e-7
498.0,7.0,7.0,3.0,0.05624211408035329,0.003661600215287409,1.0320364017767294e-7
499.0,7.0,7.0,3.0,0.03694786865579447,0.00420002461286057,3.7532998570765586e-7
500.0,6.0,7.0,3.0,0.050414124654839076,0.0028545302338873592,2.3851627574340623e-7
501.0,7.0,7.0,3.0,0.04974999307683614,0.0032016941483996204,2.835770515869797e-7
502.0,6.0,7.0,3.0,0.06939509385561005,0.004237456175555674,1.2765271775608534e-7
503.0,8.0,7.0,3.0,0.03889601906159301,0.00855701680133134,5.029451156891978e-7
504.0,6.0,7.0,3.0,0.05271241159982232,0.002152687411502386,1.6406968505063974e-7
505.0,8.0,7.0,2.0,0.03894079583963439,0.0043082746671624424,5.328005339215956e-7
506.0,8.0,7.0,3.0,0.02242020911377285,0.004852924545305845,5.761895848003735e-7
507.0,7.0,7.0,2.0,0.0249460447530776,0.004150627539593216,3.758541122401172e-7
508.0,9.0,7.0,3.0,0.0671286928684629,0.004934417031881827,6.621196016073965e-7
509.0,7.0,7.0,2.0,0.010298303236307982,0.0049162585501151355,2.1246629151034626e-7
510.0,7.0,7.0,2.0,0.023808737204345842,0.0059644038320920256,5.975605995149728e-7
511.0,7.0,7.0,2.0,0.05322537351894585,0.003796248576821108,2.6592149568767504e-7
512.0,7.0,7.0,3.0,0.06820894252147713,0.0036151141733649474,3.1704487831002327e-7
513.0,6.0,7.0,3.0,0.06309547516086556,0.003353408067400546,1.2567080650245372e-7
514.0,7.0,7.0,2.0,0.04812822469757805,0.0029659222857839214,2.7889084175490156e-7
515.0,7.0,7.0,2.0,0.02507456908720318,0.006042037007284963,2.838107046345866e-7
516.0,6.0,7.0,3.0,0.04924600286329106,0.0028364418362266525,1.699803597841088e-7
517.0,9.0,7.0,3.0,0.04222748816048183,0.00464031816214651,7.275632745777008e-7
518.0,7.0,7.0,3.0,0.05040081601016633,0.0031035482648901175,1.4165187430878345e-7
519.0,7.0,7.0,3.0,0.07202358580216073,0.0056493789142933295,3.38993823473473e-7
520.0,8.0,7.0,2.0,0.027058512996856354,0.004784565141884012,5.869166875681076e-7
521.0,7.0,7.0,2.0,0.034787831732258745,0.0032138184658177067,2.9149666549978624e-7
522.0,7.0,7.0,3.0,0.05404358784312424,0.0043869869563527494,4.261067951338241e-7
523.0,6.0,7.0,2.0,0.059479997602497114,0.007392386208525421,2.024910960119051e-7
524.0,7.0,7.0,3.0,0.07537193000491738,0.0034743258091815333,1.874073910933259e-7
525.0,6.0,7.0,2.0,0.024928577494126136,0.0074382902324347695,6.122945271248651e-7
526.0,5.0,7.0,2.0,0.04431039946145332,0.0025707791135937104,2.8205521657685885e-7
527.0,8.0,7.0,2.0,0.035431414716312615,0.004646913489282965,3.5982812513089924e-7
528.0,7.0,7.0,3.0,0.06940871361745193,0.003367203457498297,1.2033715028267728e-7
529.0,7.0,7.0,3.0,0.07176263024320462,0.003405121551730631,1.6346482410046987e-7
530.0,7.0,7.0,3.0,0.035847422556040565,0.0047742936716626575,2.6932037876046896e-7
531.0,8.0,7.0,2.0,0.03652845536681415,0.006652706705223267,5.128300658952642e-7
532.0,6.0,7.0,3.0,0.047871504203818915,0.011541132874193904,1.8358511769474033e-7
533.0,5.0,7.0,2.0,0.06667009285311765,0.002043187655055398,2.0741766818450606e-7
534.0,8.0,7.0,3.0,0.04856490682115355,0.004674892816036312,6.956171120375352e-7
535.0,6.0,7.0,2.0,0.03893841527086406,0.006401603758289906,5.09598560638744e-7
536.0,7.0,7.0,3.0,0.03010149401429585,0.0035130593956608424,3.176053000996947e-7
537.0,7.0,7.0,2.0,0.011781649373014735,0.003849736759062361,2.89248740059914e-7
538.0,7.0,7.0,3.0,0.02132057943484522,0.005518112178652168,3.559207436548649e-7
539.0,6.0,7.0,3.0,0.056971128721608144,0.002985580548950387,2.457693166291045e-7
540.0,8.0,7.0,3.0,0.04846244292474511,0.008941340798168461,5.67573186070502e-7
541.0,8.0,7.0,2.0,0.042750474161126206,0.005111372786781819,5.595206541405089e-7
542.0,7.0,7.0,3.0,0.04039878516577167,0.0032696890613271887,1.8951125576279749e-7
543.0,8.0,7.0,2.0,0.02752999865700856,0.004703300888943412,4.94193133587604e-7
544.0,8.0,7.0,3.0,0.06054574777694899,0.005176769936855761,5.438238416367063e-7
545.0,8.0,7.0,3.0,0.038861809882343445,0.004317868462065737,4.009329540229323e-7
546.0,7.0,7.0,3.0,0.06948919346643012,0.003014599973283534,1.4457271760201306e-7
547.0,8.0,7.0,2.0,0.04838044099069516,0.002572540647578068,3.0973468434953207e-7
548.0,6.0,7.0,3.0,0.06243420179094761,0.007042053857454546,1.439432958127297e-7
549.0,7.0,7.0,3.0,0.06860354690206005,0.011401385583717892,1.8098283546110834e-7
550.0,8.0,7.0,3.0,0.06448003832788851,0.0055740628233972985,5.913627369729624e-7
551.0,8.0,7.0,2.0,0.06362601113811706,0.00536665762580096,5.84951551988366e-7
552.0,6.0,7.0,3.0,0.04115910442000725,0.00284182496340365,1.39181156966215e-7
553.0,9.0,7.0,3.0,0.06042897890693055,0.004264579082148779,8.087082343585228e-7
554.0,9.0,7.0,2.0,0.06877686535023031,0.005528084908044887,8.452876796543393e-7
555.0,7.0,7.0,3.0,0.05724674757769277,0.0031800409662709633,1.4049204776281444e-7
556.0,7.0,7.0,3.0,0.06843044271543886,0.002950426869129488,1.525680991956489e-7
557.0,9.0,7.0,2.0,0.03108807663541313,0.004361420415205713,6.479497087276168e-7
558.0,8.0,7.0,2.0,0.026424739324030888,0.0035737852175714464,2.8306085996526894e-7
559.0,7.0,7.0,3.0,0.03994868998750434,0.01197372767164959,1.55966757050908e-7
560.0,8.0,7.0,3.0,0.04922359297230128,0.005378640136698153,6.088395439987664e-7
561.0,7.0,7.0,3.0,0.033484157007891424,0.011328122559377629,1.748739799955342e-7
562.0,7.0,7.0,2.0,0.05431481169991503,0.006888451495535276,5.726036063970675e-7
563.0,7.0,7.0,3.0,0.0692258103076594,0.0029763607809519363,1.671595522513761e-7
564.0,8.0,7.0,2.0,0.05851406979300866,0.003483932801914327,3.353064129160364e-7
565.0,7.0,7.0,3.0,0.051976972593330784,0.0034627145464606853,1.601703383963894e-7
566.0,7.0,7.0,3.0,0.023197461237334238,0.004899755449817252,1.3751192626221397e-7
567.0,9.0,7.0,2.0,0.057728109637110725,0.0040159168122553745,5.160173465757366e-7
568.0,7.0,7.0,3.0,0.06637963370770483,0.0033259393034910313,2.9182765453750583e-7
569.0,8.0,7.0,3.0,0.05310624562933519,0.004048706276459453,3.2904731005413905e-7
570.0,7.0,7.0,3.0,0.02775045257679709,0.004693633802330922,4.4089167001448315e-7
571.0,8.0,7.0,2.0,0.04086590073676133,0.004952221355925682,5.82918923974234e-7
572.0,7.0,7.0,2.0,0.05712387690329268,0.0029469391789191577,2.2436660046593895e-7
573.0,8.0,7.0,2.0,0.069711626886098,0.005293683577231074,5.936018073667371e-7
574.0,8.0,7.0,2.0,0.02359374167646644,0.005307518227805784,5.815736534480659e-7
575.0,8.0,7.0,2.0,0.06432865182810787,0.008990135721424332,4.197955653886425e-7
576.0,8.0,7.0,2.0,0.025179874297770466,0.0049243276749489215,5.973413645209538e-7
577.0,7.0,7.0,2.0,0.04927936237137365,0.005588614884547171,6.38928042630956e-7
578.0,8.0,7.0,3.0,0.05589660440384048,0.015226532122195553,1.776463664241221e-7
579.0,6.0,7.0,3.0,0.05529945995799013,0.003788171721466322,1.0897190833924276e-7
580.0,7.0,7.0,3.0,0.06416855965849178,0.003485261909506384,3.0328974638903497e-7
581.0,7.0,7.0,3.0,0.04649324415705891,0.002940541787805075,2.6688826794023483e-7
582.0,7.0,7.0,3.0,0.04325672182060747,0.002827212158960367,1.5122384141690542e-7
583.0,8.0,7.0,2.0,0.02857773548367648,0.005743496970540789,6.521145496912388e-7
584.0,7.0,7.0,3.0,0.04424088818362604,0.0028500594922388498,2.4311868553680254e-7
585.0,6.0,7.0,2.0,0.03408766473746283,0.00502288076447352,5.668531859536159e-7
586.0,8.0,7.0,2.0,0.056441775741043365,0.004652245421545151,4.7017290173676267e-7
587.0,7.0,7.0,3.0,0.07441463993139807,0.0030875011157836967,2.11062479475805e-7
588.0,7.0,7.0,2.0,0.0163480864911294,0.0035944319143759707,2.494847258337583e-7
589.0,8.0,7.0,2.0,0.018680350324609574,0.004391229233958825,4.741283761536947e-7
590.0,6.0,7.0,3.0,0.07016429042416195,0.003628355253574259,1.252759413224533e-7
591.0,7.0,7.0,2.0,0.04799283001010801,0.003350339743491172,3.098333560969458e-7
592.0,7.0,7.0,2.0,0.04150056710388106,0.005897784155794539,1.8047628635746885e-7
593.0,7.0,7.0,2.0,0.05211732062399599,0.005839279501941286,3.95727640109808e-7
594.0,7.0,7.0,3.0,0.06015563789774503,0.004146773980199497,3.8423055418587115e-7
595.0,7.0,7.0,2.0,0.020238780975495363,0.004821738081697074,4.853352782177848e-7
596.0,7.0,7.0,3.0,0.0565461865547634,0.004623150295477068,4.3969757028772717e-7
597.0,6.0,7.0,3.0,0.04413374207710441,0.0029962123380309793,2.4576845278562254e-7
598.0,8.0,7.0,2.0,0.06728908321177274,0.0038892743657070183,4.4459541679143523e-7
599.0,8.0,7.0,3.0,0.029413592958549284,0.00530103961971494,6.039968361394566e-7
600.0,8.0,7.0,3.0,0.03388389021643823,0.003795545822929701,3.1116299423085464e-7
601.0,8.0,7.0,3.0,0.05809860408787415,0.006156788240465123,4.3960955889018725e-7
602.0,8.0,7.0,3.0,0.0595324616699493,0.010196100671724322,3.0144508301593125e-7
603.0,7.0,7.0,2.0,0.033962132303787085,0.004700639946029378,4.463971859176827e-7
604.0,8.0,7.0,2.0,0.03800387999334398,0.005417606948992507,6.03944502353452e-7
605.0,5.0,7.0,2.0,0.02278970728384566,0.008998478126543476,5.956210837011896e-7
606.0,7.0,7.0,3.0,0.06177316884190842,0.004792424610359594,4.915427812699655e-7
607.0,8.0,7.0,2.0,0.06509822564444567,0.0029090958349186386,3.502308906200894e-7
608.0,5.0,7.0,3.0,0.04907396114473461,0.0035462953948479743,1.3340706938861788e-7
609.0,6.0,7.0,3.0,0.06838217355390319,0.0029907563982427086,1.5734502168251594e-7
610.0,8.0,7.0,3.0,0.06299036435543148,0.006156426678655121,4.369999055472968e-7
611.0,7.0,7.0,3.0,0.04961312127766182,0.003410430402643654,1.203718136724894e-7
612.0,7.0,7.0,3.0,0.04019293496024834,0.006187397673309633,1.408921168265518e-7
613.0,6.0,7.0,3.0,0.051082040112843785,0.0034785451046721715,2.4489205458245686e-7
614.0,8.0,7.0,3.0,0.06999715711457455,0.004808062953356888,4.852904751453432e-7
615.0,7.0,7.0,3.0,0.05884313540758823,0.0032336220686148567,1.5048462747720064e-7
616.0,7.0,7.0,3.0,0.0689527227433342,0.004052698942458904,3.665593974693195e-7
617.0,7.0,7.0,3.0,0.05338838950801139,0.010528123398453404,2.409106826410474e-7
618.0,7.0,7.0,3.0,0.06367994343748462,0.0056751181702067366,5.276164457371588e-7
619.0,8.0,7.0,3.0,0.028171226354957835,0.005035848570798016,6.044246729718803e-7
620.0,8.0,7.0,2.0,0.025255544019838094,0.0036901688103514597,3.8459463192046043e-7
621.0,6.0,7.0,3.0,0.04919888517828275,0.0030608027984863934,1.5016115926977881e-7
622.0,5.0,7.0,2.0,0.06736019130574844,0.0025248846276032634,1.8746337570701935e-7
623.0,7.0,7.0,2.0,0.021927182304430026,0.006907081673851086,4.935586553202265e-7
624.0,7.0,7.0,3.0,0.034035219118217386,0.016778503920473992,1.5060787012347337e-7
625.0,8.0,7.0,2.0,0.05543071780771425,0.007106726910476412,7.245982878185572e-7
626.0,7.0,7.0,3.0,0.05625104168053441,0.0039259034736987344,3.5345844320467684e-7
627.0,8.0,7.0,3.0,0.03239384293911529,0.006794757660593636,6.601168707420129e-7
628.0,6.0,7.0,2.0,0.032502292617399675,0.0038403643592463824,3.4201824409170775e-7
629.0,6.0,7.0,3.0,0.05694425783189094,0.0031385158431490685,2.565053783144399e-7
630.0,7.0,7.0,3.0,0.05461882018591857,0.005315322987880159,5.485893765533898e-7
631.0,8.0,7.0,2.0,0.01774360244849449,0.003993214968969556,4.5203708076262417e-7
632.0,5.0,7.0,2.0,0.04125822119907885,0.002296257939206113,2.038289618746786e-7
633.0,5.0,7.0,3.0,0.0726371759118416,0.004170052069630531,1.0856917328808894e-7
634.0,9.0,7.0,3.0,0.03375210669579154,0.004837860528646799,7.012455133367169e-7
635.0,7.0,7.0,3.0,0.05761615900318895,0.0030997845388444443,1.459089824956835e-7
636.0,6.0,7.0,3.0,0.07328678135262834,0.004160360031502045,1.2434732392819403e-7
637.0,7.0,7.0,2.0,0.04483537735122978,0.004646799888197658,4.982231045331606e-7
638.0,8.0,7.0,3.0,0.06997564438514159,0.004664994104681321,1.772157852885547e-7
639.0,6.0,7.0,3.0,0.06434228221450244,0.0037805424743732434,1.0346686396556469e-7
640.0,5.0,7.0,3.0,0.04224066131848314,0.002896915204612957,1.5934756276269595e-7
641.0,6.0,7.0,3.0,0.06773033132476469,0.0036622499849620046,1.2703488036011319e-7
642.0,6.0,7.0,2.0,0.026027934201225733,0.00909117075626862,1.8072665205572136e-7
643.0,6.0,7.0,3.0,0.04373781806189392,0.002778498763664202,1.6447980906327248e-7
644.0,8.0,7.0,3.0,0.06377635742790977,0.004388461567308235,3.095200225276188e-7
645.0,7.0,7.0,3.0,0.05525575898571988,0.0020929334203430992,1.52917964491323e-7
646.0,7.0,7.0,3.0,0.07453298438368017,0.0047028500344870865,4.491167153013111e-7
647.0,6.0,7.0,2.0,0.05893327771409229,0.002551077450750956,2.2802308292191475e-7
648.0,7.0,7.0,3.0,0.0512916557335803,0.004319663765574017,3.936682133075894e-7
649.0,5.0,7.0,2.0,0.023390710478898402,0.004857823533159301,4.87630945997328e-7
650.0,7.0,7.0,3.0,0.05902645668619422,0.003624038381384444,1.322397560924087e-7
651.0,8.0,7.0,2.0,0.029267219115995058,0.00515270291147538,5.871424991434258e-7
652.0,8.0,7.0,2.0,0.018035333326120284,0.00401760210703929,4.644919386645866e-7
653.0,8.0,7.0,2.0,0.07703495500210233,0.005978066432030103,6.128277258549838e-7
654.0,7.0,7.0,3.0,0.057176836441007683,0.004187683680086817,2.813506344496703e-7
655.0,7.0,7.0,3.0,0.055699881055876754,0.0039040543541795023,3.398687940036147e-7
656.0,7.0,7.0,3.0,0.061165275379606365,0.00728970522002279,2.603024548072119e-7
657.0,6.0,7.0,2.0,0.03426478581421222,0.0033134827181112397,2.8881175819888707e-7
658.0,7.0,7.0,2.0,0.021999401907833338,0.0029547604226136453,2.0552513739013496e-7
659.0,7.0,7.0,3.0,0.0422348895343867,0.003720808953912351,3.2430495481670036e-7
660.0,6.0,7.0,3.0,0.053644395445292536,0.003042694065793212,1.5993660615465028e-7
661.0,7.0,7.0,3.0,0.060677001211501214,0.006503731543369264,2.4347913969019586e-7
662.0,8.0,7.0,3.0,0.06430598532702048,0.005469361256519389,6.499839913513127e-7
663.0,5.0,7.0,3.0,0.0666138079124976,0.0037762306800110607,1.5223339900028153e-7
664.0,7.0,7.0,3.0,0.04397662041290806,0.002529831836925403,1.7728764029160656e-7
665.0,5.0,7.0,2.0,0.0417505090682293,0.00445484009001135,3.980586024209528e-7
666.0,7.0,7.0,2.0,0.015309795567449935,0.010223812319841812,3.748006148255371e-7
667.0,8.0,7.0,3.0,0.051744703554478244,0.0038300861254516945,2.9877102523802005e-7
668.0,7.0,7.0,3.0,0.039826763724837955,0.0027183349928499674,2.439793613010026e-7
669.0,7.0,7.0,3.0,0.051220814676562476,0.003618884329275436,3.2882627447482014e-7
670.0,9.0,7.0,2.0,0.07811985835896085,0.013051166323776007,8.765369846431871e-7
671.0,7.0,7.0,3.0,0.04333579828153922,0.0032825270712361536,1.304915023503171e-7
672.0,6.0,7.0,2.0,0.03865672542180465,0.0048439280496579366,4.710100071168601e-7
673.0,8.0,7.0,3.0,0.07236643262723441,0.0046800608993776225,1.913863929600076e-7
674.0,6.0,7.0,3.0,0.04310625199645646,0.004012743090428135,3.444208748596935e-7
675.0,9.0,7.0,2.0,0.05396764911474072,0.00436493040262652,7.244424498389369e-7
676.0,8.0,7.0,3.0,0.027134709249913236,0.007643130557740665,5.721189570700468e-7
677.0,7.0,7.0,3.0,0.07608653106907237,0.003403556645615617,2.891505531164211e-7
678.0,6.0,7.0,2.0,0.051306053737715906,0.005581166321392363,5.168431210043204e-7
679.0,8.0,7.0,2.0,0.03389460865623706,0.0036443870854590546,2.927314648786021e-7
680.0,7.0,7.0,2.0,0.0436424164962983,0.0055405683389403515,4.138022383243089e-7
681.0,8.0,7.0,3.0,0.04165776937445731,0.005275567433562074,5.017029766507461e-7
682.0,7.0,7.0,3.0,0.03303934962241262,0.003970544166538114,1.43490384898209e-7
683.0,7.0,7.0,3.0,0.04991203149953516,0.0035404649966920146,3.208967177989747e-7
684.0,5.0,7.0,2.0,0.04084678467000957,0.004479218061583893,4.131651172181062e-7
685.0,7.0,7.0,2.0,0.07020123312534632,0.006074773896940352,6.258073537978923e-7
686.0,7.0,7.0,3.0,0.05450770117860637,0.004893419034753594,3.06068489334743e-7
687.0,7.0,7.0,3.0,0.0760708293855965,0.0030319730473789145,2.6628139360572925e-7
688.0,8.0,7.0,2.0,0.0548736941082093,0.006669657991245987,5.826555178173501e-7
689.0,9.0,7.0,2.0,0.06123722063853254,0.009010026786250729,7.307974557559317e-7
690.0,7.0,7.0,2.0,0.059190523765160874,0.0044974248009770805,4.14918609429379e-7
691.0,7.0,7.0,3.0,0.04734632263958205,0.002571534696453543,2.2470155955350655e-7
692.0,8.0,7.0,3.0,0.04894473559263135,0.004204280128110407,2.407679472432817e-7
693.0,7.0,7.0,3.0,0.018873238686112348,0.004656292516865746,4.433923183554499e-7
694.0,8.0,7.0,3.0,0.0548284318694785,0.00915872212065706,2.1870915187285307e-7
695.0,6.0,7.0,2.0,0.025498255141165327,0.00304076874917476,3.951392255147791e-7
696.0,7.0,7.0,3.0,0.05066119416489934,0.0032558368486365536,1.3432025070472382e-7
697.0,8.0,7.0,3.0,0.05418922247817548,0.004005718656619299,3.658869694043891e-7
698.0,7.0,7.0,3.0,0.07168754084628493,0.006971269803353421,2.0363967524302585e-7
699.0,8.0,7.0,3.0,0.061054162720635574,0.0036828835294355528,2.713822244334222e-7
700.0,6.0,7.0,2.0,0.042154551446058175,0.013507483755977323,2.1441752491460198e-7
701.0,7.0,7.0,3.0,0.06453254066785497,0.0022461165946981525,1.8536857904804917e-7
702.0,7.0,7.0,3.0,0.058028681956489025,0.00279257834662851,2.401673261533095e-7
703.0,8.0,7.0,3.0,0.035049257554569335,0.003319933511002499,3.0861133697897335e-7
704.0,6.0,7.0,2.0,0.0665815423878724,0.002441248879766753,1.3543664905526127e-7
705.0,7.0,7.0,2.0,0.06206213563677454,0.007242318603062214,4.0538040776010893e-7
706.0,8.0,7.0,2.0,0.04902711967413165,0.006396743464104434,6.158683575051145e-7
707.0,7.0,7.0,3.0,0.05826961397474539,0.00470147440369418,2.8591105726741245e-7
708.0,7.0,7.0,3.0,0.06848165033773967,0.002584271558111199,2.2725262209468874e-7
709.0,7.0,7.0,3.0,0.06094792333708854,0.0026009796033138596,2.320577998546257e-7
710.0,8.0,7.0,3.0,0.0701463284051771,0.00433726535189056,4.037429471641777e-7
711.0,5.0,7.0,2.0,0.040070062556425645,0.00221058764799272,1.831739041931227e-7
712.0,7.0,7.0,3.0,0.05087838175469117,0.0049836104062463945,2.441216258558551e-7
713.0,8.0,7.0,3.0,0.04123260205151391,0.004388124978215067,4.582066122807269e-7
714.0,7.0,7.0,3.0,0.07711204707759456,0.003226580926460914,1.277483059312516e-7
715.0,7.0,7.0,3.0,0.025456550566677727,0.004099123090785193,3.756538601823061e-7
716.0,7.0,7.0,3.0,0.06770385090534314,0.0035210082518959914,1.203490469025918e-7
717.0,8.0,7.0,3.0,0.04757040579962157,0.00450827729476753,2.274149932731131e-7
718.0,7.0,7.0,3.0,0.07334731562413443,0.00429326016379074,3.891021607446193e-7
719.0,7.0,7.0,3.0,0.07580847172247362,0.003259969989864792,1.5464257470896682e-7
720.0,7.0,7.0,2.0,0.06340538277299701,0.0037779784346376,2.3119997997662924e-7
721.0,9.0,7.0,2.0,0.06938605954407517,0.01267534099108516,7.825791390930029e-7
722.0,7.0,7.0,3.0,0.046252218749320395,0.004209223611190389,3.7278563382393185e-7
723.0,8.0,7.0,3.0,0.0629533650155043,0.004365516053567542,8.412582559713085e-7
724.0,8.0,7.0,2.0,0.04942066604403328,0.0035217799180871524,2.90007725430454e-7
725.0,7.0,7.0,3.0,0.04996298070957894,0.002403707311232342,1.8710251057695903e-7
726.0,7.0,7.0,2.0,0.0675267655008207,0.0055122731438815254,6.041775183751658e-7
727.0,9.0,7.0,2.0,0.06520234687947668,0.003396595004301922,4.415695934770836e-7
728.0,8.0,7.0,3.0,0.04465257241329712,0.0053559938470133395,2.1376682400905503e-7
729.0,7.0,7.0,3.0,0.06159168468971887,0.0035554597939245554,2.704735112302049e-7
730.0,6.0,7.0,2.0,0.04939539300701812,0.0034970446866328195,3.133295315056779e-7
731.0,7.0,7.0,3.0,0.05494496528643755,0.008816323779141245,1.8895865458841588e-7
732.0,6.0,7.0,2.0,0.046754600440104266,0.007542501946261469,3.3389039854092386e-7
733.0,8.0,7.0,3.0,0.060186158927261646,0.005079894983913735,1.3805847646678616e-7
734.0,7.0,7.0,3.0,0.07666796018863464,0.002829648879982659,1.6215754989508478e-7
735.0,9.0,7.0,3.0,0.0229850990033289,0.004692227696181714,6.036507108436139e-7
736.0,7.0,7.0,2.0,0.04046868117017932,0.004904798160121688,1.9309174923379293e-7
737.0,7.0,7.0,3.0,0.0662576071582961,0.00427089100294263,1.567800556109688e-7
738.0,7.0,7.0,3.0,0.0683538040872591,0.0036489592082570126,3.326651858707314e-7
739.0,8.0,7.0,3.0,0.03650876916665036,0.005593530235535854,3.211164084946339e-7
740.0,8.0,7.0,3.0,0.05721468692356635,0.006086315330313874,2.5626740761435577e-7
741.0,7.0,7.0,3.0,0.03995654888157185,0.013748283330295877,1.4503023957429087e-7
742.0,7.0,7.0,3.0,0.05601552524534292,0.003021664367281262,2.554508405032015e-7
743.0,8.0,7.0,3.0,0.0766936394405826,0.008590326401792981,3.619154232813912e-7
744.0,8.0,7.0,2.0,0.02340306006659354,0.004032757526479434,5.322028033820657e-7
745.0,7.0,7.0,3.0,0.0460548912518588,0.0038699541278261135,3.33088739106588e-7
746.0,8.0,7.0,2.0,0.024017438091700427,0.005627159028846992,6.27259598380747e-7
747.0,7.0,7.0,2.0,0.036341988320953256,0.008194274744157168,3.922096986649227e-7
748.0,7.0,7.0,2.0,0.06639512671423908,0.004325896747592967,4.1070526062847384e-7
749.0,6.0,7.0,3.0,0.06166014382811236,0.0032848658467381528,1.6008423584919206e-7
750.0,7.0,7.0,3.0,0.057863935923697096,0.002862603946709398,1.6074831597747426e-7
751.0,8.0,7.0,3.0,0.0634335163176476,0.006820565357247609,6.355862029290844e-7
752.0,7.0,7.0,3.0,0.048608108197145894,0.003156216527241877,2.7681479488157143e-7
753.0,6.0,7.0,3.0,0.07175467998790586,0.004040137128523483,1.0840526893279505e-7
754.0,7.0,7.0,3.0,0.02484817162012032,0.004366230750942631,3.99183911738091e-7
755.0,6.0,7.0,3.0,0.06616625864043979,0.003962672909336731,1.0512927189221485e-7
756.0,8.0,7.0,2.0,0.02567776365412433,0.0058114109437487505,6.71992670009905e-7
757.0,8.0,7.0,3.0,0.06729676903097004,0.0042368829024926735,4.127980461054222e-7
758.0,8.0,7.0,3.0,0.039414568850900444,0.003585315404290991,3.168233757649283e-7
759.0,7.0,7.0,3.0,0.026264355598470956,0.005255662065046993,3.7213921586662313e-7
760.0,7.0,7.0,3.0,0.058069026046790206,0.0024893048281029845,2.188363077857778e-7
761.0,6.0,7.0,3.0,0.053353325632246706,0.002581360234120466,2.1798994296629398e-7
762.0,8.0,7.0,2.0,0.02054281888649312,0.005807764081957876,5.228617953998038e-7
763.0,5.0,7.0,2.0,0.05967193784408553,0.015421599219025743,3.3846137327575844e-7
764.0,8.0,7.0,3.0,0.04967396348739328,0.00441668544989909,4.224181549703587e-7
765.0,7.0,7.0,3.0,0.04272539322655833,0.009950862817810548,2.0770435459809497e-7
766.0,5.0,7.0,2.0,0.05632857316817774,0.002573895656822148,3.4181954223657647e-7
767.0,8.0,7.0,2.0,0.06224716158956323,0.003832378309901383,7.937317253684454e-7
768.0,7.0,7.0,3.0,0.029979258723392466,0.00444113883395854,4.041417392231578e-7
769.0,8.0,7.0,2.0,0.04925518208441826,0.003394188001789135,4.824474331872063e-7
770.0,7.0,7.0,3.0,0.06484931661107396,0.0028657799764886067,1.4311302290424567e-7
771.0,7.0,7.0,3.0,0.04343955672720501,0.009280299197062079,1.5762566799492516e-7
772.0,5.0,7.0,3.0,0.05491398953566462,0.0030381277321203915,1.393841218613531e-7
773.0,6.0,7.0,3.0,0.07449289293545647,0.004659917124691556,1.0343489025574368e-7
774.0,7.0,7.0,2.0,0.04052547895136094,0.004223516716640021,4.3726908140654426e-7
775.0,7.0,7.0,2.0,0.011436796743825361,0.0035027621586062254,3.039390699112826e-7
776.0,8.0,7.0,2.0,0.02217648186850485,0.003277278304902606,2.2868998213636988e-7
777.0,7.0,7.0,3.0,0.05468825469943861,0.0030327190315319647,2.5767934650672933e-7
778.0,7.0,7.0,3.0,0.047376786964564266,0.007400933820269141,1.2112885681800037e-7
779.0,8.0,7.0,2.0,0.0666938138596107,0.0045061940337798095,5.130581402418413e-7
780.0,6.0,7.0,2.0,0.0310902160284674,0.0044157458754468405,4.7312569165945505e-7
781.0,6.0,7.0,3.0,0.03976143317653258,0.0027886288448457936,1.597781591894144e-7
782.0,7.0,7.0,3.0,0.033432033990094534,0.005228660547186638,1.9492311604066955e-7
783.0,6.0,7.0,2.0,0.06832134438786075,0.002316975871240198,2.1183113662472087e-7
784.0,6.0,7.0,3.0,0.06647580952028442,0.004108001231560233,1.1299969704920985e-7
785.0,7.0,7.0,3.0,0.07180935718379367,0.0026310028245707146,1.820901034021475e-7
786.0,7.0,7.0,3.0,0.06351133038282508,0.004729740505483347,4.5822242832488616e-7
787.0,7.0,7.0,2.0,0.023619928955789682,0.009419671574349883,2.4903343973000437e-7
788.0,5.0,7.0,2.0,0.03873621644067038,0.0030773752277093473,2.6698312403068666e-7
789.0,8.0,7.0,3.0,0.057474073599645514,0.004905651868663155,2.5074998494309436e-7
790.0,6.0,7.0,3.0,0.026321221333944322,0.002085272627075522,1.7399355484059075e-7
791.0,7.0,7.0,3.0,0.05813403670514372,0.005028240723824161,5.161564069315257e-7
792.0,7.0,7.0,3.0,0.04613792032943809,0.0025175363802309382,1.7995895383845647e-7
793.0,8.0,7.0,3.0,0.06123391312765247,0.011395988484591653,2.483746501586377e-7
794.0,7.0,7.0,3.0,0.06018145322801671,0.003132564109123605,2.645914474069429e-7
795.0,8.0,7.0,2.0,0.06415501927004952,0.005093646927569987,5.620156355651317e-7
796.0,6.0,7.0,3.0,0.061239764817221376,0.00364490454455877,1.281790305517014e-7
797.0,6.0,7.0,3.0,0.07497703067843542,0.003237566220640294,1.6002959076544708e-7
798.0,7.0,7.0,3.0,0.04997942085644724,0.0031872814123200745,1.293464772329693e-7
799.0,7.0,7.0,3.0,0.07366780430524444,0.0028072437790967984,1.7112823240958838e-7
800.0,7.0,7.0,3.0,0.02679551133147484,0.0034725414472671274,2.9950908648375055e-7
801.0,7.0,7.0,3.0,0.04619215223685735,0.005587607096693837,2.4037002477528027e-7
802.0,7.0,7.0,3.0,0.0708450909195002,0.003633120071469771,3.2533645878260253e-7
803.0,5.0,7.0,3.0,0.0504153210679299,0.0025890174873731326,1.952393222776322e-7
804.0,7.0,7.0,3.0,0.06056875813783602,0.00250860688158984,2.0248567404850628e-7
805.0,7.0,7.0,3.0,0.07117204331691607,0.0027386682626948607,1.7047929465710834e-7
806.0,7.0,7.0,3.0,0.07117208887956528,0.003025233358438126,1.41135809345901e-7
807.0,8.0,7.0,2.0,0.03556414325308754,0.004522861684043651,5.014786198507332e-7
808.0,6.0,7.0,3.0,0.05204741254711309,0.0026222770890929523,1.9093852941820176e-7
809.0,8.0,7.0,3.0,0.05200332403552865,0.008000261266563438,2.937182883352881e-7
810.0,8.0,7.0,2.0,0.03290099923993628,0.005503669308260786,6.693193082188216e-7
811.0,7.0,7.0,3.0,0.06364893062208177,0.0030095462022292486,1.5096348792915776e-7
812.0,8.0,7.0,3.0,0.03590878512003792,0.0036538419795667343,3.489475447155758e-7
813.0,8.0,7.0,3.0,0.06506296801363654,0.003949137001916952,3.796683942326273e-7
814.0,7.0,7.0,3.0,0.05938759238134539,0.006606564467322921,1.5328313337526862e-7
815.0,7.0,7.0,3.0,0.07202229617421108,0.003943408049008879,3.4576526322006803e-7
816.0,6.0,7.0,3.0,0.056862936801135744,0.0035665944552438823,1.2148121285284966e-7
817.0,6.0,7.0,3.0,0.07238278222994632,0.0034470681242768117,1.372476255363071e-7
818.0,7.0,7.0,2.0,0.024170790332191494,0.005396435406237787,6.045573720412232e-7
819.0,7.0,7.0,3.0,0.022556143013879204,0.004709563027806714,4.594109679389009e-7
820.0,7.0,7.0,2.0,0.024937150936038766,0.003373007209027414,3.134606759834259e-7
821.0,7.0,7.0,2.0,0.047813415727619546,0.0038516618978932135,3.4222160755076624e-7
822.0,7.0,7.0,2.0,0.03992471596099234,0.0028697262883391173,2.695733826662564e-7
823.0,9.0,7.0,2.0,0.06263494344688914,0.004214718889525038,5.590084258364544e-7
824.0,8.0,7.0,2.0,0.038427286266681904,0.006678292596864432,4.855867024354472e-7
825.0,7.0,7.0,3.0,0.06751787964194944,0.0033327847269647584,1.5830827998404688e-7
826.0,8.0,7.0,3.0,0.038464483936303306,0.0060120404808640705,3.740345890459253e-7
827.0,8.0,7.0,3.0,0.049798202992735074,0.007021563596723916,3.410954439126813e-7
828.0,7.0,7.0,2.0,0.009624590185518755,0.003827708468521497,2.7589022405283425e-7
829.0,8.0,7.0,3.0,0.035119279823334626,0.005471581577204492,5.361131970455026e-7
830.0,7.0,7.0,2.0,0.0472156615635273,0.007968449652341029,5.647155073472682e-7
831.0,7.0,7.0,3.0,0.05648151669775214,0.0043130451218290206,3.3041471196083706e-7
832.0,7.0,7.0,3.0,0.05002412474212914,0.0035103063061789302,1.0850539776110447e-7
833.0,8.0,7.0,2.0,0.02077096471710682,0.004659200311692005,5.147059197030627e-7
834.0,7.0,7.0,3.0,0.07054026487681964,0.0030834002038769735,1.370423730555175e-7
835.0,7.0,7.0,3.0,0.030290903130709035,0.009004231345579058,3.5501953354853707e-7
836.0,6.0,7.0,3.0,0.06279639375697899,0.0023376905969887487,2.0747940619844298e-7
837.0,8.0,7.0,2.0,0.03277215921712706,0.00264805123490425,4.916000847064142e-7
838.0,6.0,7.0,3.0,0.028801466666119824,0.0023062355290426355,1.7361887383980906e-7
839.0,7.0,7.0,3.0,0.055222627162010096,0.006559322932105784,2.75293710656526e-7
840.0,7.0,7.0,3.0,0.04738744708380249,0.0035961140184489655,1.1178791947037817e-7
841.0,6.0,7.0,3.0,0.03963140422165923,0.00958674861108547,1.1427045880822511e-7
842.0,6.0,7.0,2.0,0.03858447284233657,0.004152045300865704,4.330606387519729e-7
843.0,5.0,7.0,2.0,0.02307968275354666,0.005141510944092085,5.872378198895086e-7
844.0,7.0,7.0,2.0,0.018310280133714718,0.0026001138272522028,1.891054562078333e-7
845.0,8.0,7.0,3.0,0.0534126289095298,0.007293354126489738,5.170183627364409e-7
846.0,6.0,7.0,3.0,0.0726402161694546,0.003985932022529403,1.221935914642702e-7
847.0,8.0,7.0,3.0,0.02684317495525601,0.004653324714670875,6.2792284972282e-7
848.0,8.0,7.0,3.0,0.06716219467557916,0.008450935715263563,2.3898108259822474e-7
849.0,7.0,7.0,3.0,0.03736395512313839,0.0032466456345498105,2.8282402150176613e-7
850.0,7.0,7.0,3.0,0.06317060968534882,0.0035399052831105375,2.763030317806274e-7
851.0,7.0,7.0,3.0,0.049045733207680464,0.0035424526116659117,3.119958761802314e-7
852.0,7.0,7.0,2.0,0.029086466507104003,0.004621846767244017,3.837033998835651e-7
853.0,8.0,7.0,3.0,0.06232245526089919,0.005189046813745919,5.55002345813866e-7
854.0,7.0,7.0,3.0,0.030112161205766208,0.004216283899459633,4.0173241615426584e-7
855.0,7.0,7.0,3.0,0.022524760966559754,0.004825734148402806,4.63676453014988e-7
856.0,7.0,7.0,2.0,0.01082599037230203,0.0025975846975094174,1.802578171906787e-7
857.0,8.0,7.0,3.0,0.05945029334663454,0.0045217499408309525,4.416975909160639e-7
858.0,7.0,7.0,3.0,0.07391109740573265,0.0027169684516468932,1.5335844825196371e-7
859.0,5.0,7.0,2.0,0.03642550402256228,0.010838279532427834,2.406761787013645e-7
860.0,9.0,7.0,3.0,0.06943073432732283,0.004524949451215554,5.940489661755994e-7
861.0,7.0,7.0,3.0,0.06503769037998364,0.003133587559825955,1.2432316635095414e-7
862.0,7.0,7.0,3.0,0.0348220841877489,0.0048770903082929916,4.859201907331881e-7
863.0,7.0,7.0,2.0,0.03503378831410742,0.005211864679499782,2.3135129255469754e-7
864.0,7.0,7.0,3.0,0.06265965735711154,0.002469550990605303,2.1363324323641325e-7
865.0,8.0,7.0,3.0,0.05158174930718529,0.004787515759834638,1.5649811987534053e-7
866.0,7.0,7.0,2.0,0.060302630495850496,0.002577986435612679,2.4953104772628456e-7
867.0,8.0,7.0,3.0,0.0567403080263158,0.002983165197678845,2.5115467816376074e-7
868.0,5.0,7.0,2.0,0.025804795295750527,0.006627897121457015,7.024870321392923e-7
869.0,8.0,7.0,3.0,0.05628515264707046,0.005151082708458645,5.385399605379374e-7
870.0,8.0,7.0,3.0,0.04103644797508421,0.004347538969273052,6.73105962640392e-7
871.0,7.0,7.0,3.0,0.06108622451910417,0.0028788434454569125,1.6188380623489966e-7
872.0,8.0,7.0,2.0,0.015808626537986648,0.004210280800360504,4.094503166571856e-7
873.0,6.0,7.0,3.0,0.06370478216552788,0.0026033673866042114,1.8585310006668493e-7
874.0,7.0,7.0,2.0,0.04510897921308099,0.003105496894727683,2.8024847523769313e-7
875.0,7.0,7.0,3.0,0.06604453107876018,0.0036469602808059907,3.118099866943559e-7
876.0,7.0,7.0,2.0,0.039761348653349904,0.008000693367628537,4.150940036605817e-7
877.0,8.0,7.0,3.0,0.07999768214957581,0.00423252782226026,2.3617632428287567e-7
878.0,6.0,7.0,3.0,0.03737447352178025,0.013723611129315482,1.2777367743853342e-7
879.0,7.0,7.0,2.0,0.050976478879307674,0.003564652880263381,3.279533274528567e-7
880.0,8.0,7.0,2.0,0.07357139573242844,0.00390892671637735,3.556977854115117e-7
881.0,7.0,7.0,3.0,0.06768087691640501,0.0034747635928959035,2.9956680275304206e-7
882.0,7.0,7.0,3.0,0.07031846782604045,0.004607799571881608,3.3112139350155853e-7
883.0,6.0,7.0,3.0,0.051998594594083736,0.0031998653856999087,1.5198959186786016e-7
884.0,6.0,7.0,2.0,0.014062686238233368,0.0037980722093423572,3.3199541627910763e-7
885.0,8.0,7.0,2.0,0.02618101790698213,0.005229655103894412,6.319781050406265e-7
886.0,7.0,7.0,3.0,0.0779891484822659,0.002769498720226012,2.4391191967614653e-7
887.0,7.0,7.0,3.0,0.073597197999276,0.002407038736802278,2.1504668001202383e-7
888.0,7.0,7.0,3.0,0.06867900141291883,0.0028598809245834206,1.7036621370398693e-7
889.0,8.0,7.0,2.0,0.05512782976899344,0.00481151381151468,2.7142673733255166e-7
890.0,8.0,7.0,3.0,0.06641338637997796,0.004954815086859586,3.069684219570028e-7
891.0,8.0,7.0,3.0,0.042981703395502224,0.007504972065735845,5.067159774753473e-7
892.0,7.0,7.0,2.0,0.04239127641815599,0.004572281021464866,6.119857926928567e-7
893.0,8.0,7.0,2.0,0.031664298105544164,0.005833743193403618,6.043654493888296e-7
894.0,7.0,7.0,3.0,0.044115592204124976,0.002726263672457326,2.3140068854533575e-7
895.0,8.0,7.0,2.0,0.027877127889437414,0.0037028816603183116,5.117026321467988e-7
896.0,7.0,7.0,3.0,0.04452296840068559,0.005739478180781685,4.1095846137301827e-7
897.0,6.0,7.0,3.0,0.059479268493571325,0.0028799015448000586,1.8595636549257309e-7
898.0,6.0,7.0,3.0,0.07132534224400144,0.0033094486115776774,1.5014119168005268e-7
899.0,8.0,7.0,3.0,0.06752641207526966,0.005377052283597203,5.735814396521318e-7
900.0,7.0,7.0,3.0,0.06461144232449545,0.003849110548121273,3.444424373739224e-7
901.0,8.0,7.0,2.0,0.03805867731519408,0.004960757704266298,5.334472765030289e-7
902.0,8.0,7.0,3.0,0.03560335195771902,0.006561079842450761,4.986077986963865e-7
903.0,7.0,7.0,3.0,0.04459524220572708,0.0032974584754701885,2.85880612453693e-7
904.0,6.0,7.0,2.0,0.042534142379677675,0.0015097130978225033,1.4658540856997864e-7
905.0,8.0,7.0,2.0,0.03839087881228975,0.0027081894776534586,4.268440715423169e-7
906.0,6.0,7.0,2.0,0.03810183500039077,0.006731279456920081,4.314487195035175e-7
907.0,7.0,7.0,3.0,0.053742413813143486,0.01736540010053354,1.3757890115045468e-7
908.0,7.0,7.0,2.0,0.014101422221610704,0.0037812437704282565,3.3387147179819425e-7
909.0,6.0,7.0,3.0,0.05529488458925913,0.002929820449564239,2.419556298853261e-7
910.0,5.0,7.0,2.0,0.025547434013193815,0.005710215627815923,6.374819348447911e-7
911.0,8.0,7.0,2.0,0.03722897293264671,0.003629675521091514,5.70097032581571e-7
912.0,8.0,7.0,2.0,0.061547813325177,0.004229735756636408,4.6371100758321433e-7
913.0,9.0,7.0,2.0,0.04132623579381289,0.004077420159263843,5.808357384435479e-7
914.0,8.0,7.0,2.0,0.04258339137281153,0.00378050088841408,4.2672106824249517e-7
915.0,6.0,7.0,2.0,0.04912755543593872,0.009364389747773563,2.0288541118357715e-7
916.0,6.0,7.0,2.0,0.023955531354784565,0.01304320870935478,1.8386632466137036e-7
917.0,7.0,7.0,2.0,0.04929905150166669,0.007581633618661893,4.122265536262014e-7
918.0,7.0,7.0,2.0,0.029602845573707626,0.005392054851976207,5.704193287875622e-7
919.0,7.0,7.0,2.0,0.027362467249527622,0.003995413219983021,5.396194851560442e-7
920.0,7.0,7.0,3.0,0.0227922270726284,0.003228847602159059,1.9178141329519887e-7
921.0,8.0,7.0,3.0,0.031173395657713154,0.0045930666378652335,4.760010727584029e-7
922.0,6.0,7.0,2.0,0.039941714022326824,0.005511840061341775,4.5870326260540454e-7
923.0,8.0,7.0,2.0,0.039790286846381084,0.003298900038036568,3.7349507880871687e-7
924.0,6.0,7.0,3.0,0.07482440010427616,0.0037817505365932555,1.184478338124183e-7
925.0,7.0,7.0,2.0,0.023098859609575584,0.005268550359857805,5.665209329115365e-7
926.0,7.0,7.0,3.0,0.06815461657463828,0.003344758494043883,1.1884027511870207e-7
927.0,7.0,7.0,3.0,0.07503195998364198,0.0030254331777818462,1.62281479786219e-7
928.0,7.0,7.0,3.0,0.04843711509349313,0.008871912200214058,2.1613324135362365e-7
929.0,8.0,7.0,2.0,0.0630970290623658,0.01393332042368812,7.076744005737094e-7
930.0,8.0,7.0,2.0,0.03847623654592658,0.003936090520380845,4.190632380171606e-7
931.0,7.0,7.0,3.0,0.06553468373782612,0.003653350036380822,3.206234997266511e-7
932.0,5.0,7.0,3.0,0.02573876430911959,0.0033849302976110824,1.0168389105695825e-7
933.0,8.0,7.0,2.0,0.02827865728140866,0.004271803635043424,5.859636493438864e-7
934.0,7.0,7.0,3.0,0.016812677577602075,0.0028424646629044733,2.550155748587697e-7
935.0,6.0,7.0,3.0,0.06821483257072058,0.0037217046472654116,1.1686825783600669e-7
936.0,7.0,7.0,2.0,0.04425182470236422,0.009516015027849833,3.891215924783913e-7
937.0,6.0,7.0,3.0,0.06693686855838599,0.003338331614241364,1.7145253306609702e-7
938.0,8.0,7.0,3.0,0.042363114601808416,0.007133051232896535,5.126435524618845e-7
939.0,8.0,7.0,2.0,0.023541600630181847,0.0030504189505020066,4.2743523953466515e-7
940.0,7.0,7.0,3.0,0.03843986722683779,0.0029158651327194493,2.5673211990975707e-7
941.0,7.0,7.0,2.0,0.051448791649086,0.006929177699176175,3.416233896195136e-7
942.0,7.0,7.0,3.0,0.06751406586154518,0.00249963973981348,2.1512494389491193e-7
943.0,7.0,7.0,3.0,0.035675317923744565,0.0038359681995821884,1.1908451444438032e-7
944.0,8.0,7.0,3.0,0.060995119830602684,0.004388302515416301,2.3655125884868677e-7
945.0,7.0,7.0,2.0,0.02820982764602631,0.004813872527394577,4.821684585568104e-7
946.0,8.0,7.0,2.0,0.025355022834810725,0.005464676919923362,6.494448013458954e-7
947.0,8.0,7.0,3.0,0.03407382489613564,0.004953726771308733,6.918681164083382e-7
948.0,5.0,7.0,2.0,0.06292336227025963,0.015612746887692316,2.0513685324525438e-7
949.0,8.0,7.0,2.0,0.025030633508534628,0.005219038074477698,6.61426546371787e-7
950.0,7.0,7.0,3.0,0.06289836633097767,0.002813722692035657,2.587400918055103e-7
951.0,8.0,7.0,2.0,0.014282087303158164,0.003404020854359094,3.589391791485608e-7
952.0,6.0,7.0,2.0,0.04248566695421263,0.003981395771729426,3.544526328999141e-7
953.0,6.0,7.0,3.0,0.07388340851358022,0.004141517463620695,1.3058180842019504e-7
954.0,7.0,7.0,3.0,0.033786366921327526,0.0024818927485382764,2.1705922634788632e-7
955.0,7.0,7.0,3.0,0.043957473595175545,0.0038804837813849594,1.7964195744585095e-7
956.0,7.0,7.0,2.0,0.06625032417940835,0.00301955856285977,2.0458878630618174e-7
957.0,7.0,7.0,3.0,0.05038345550566614,0.0033859828139109214,2.853055567268691e-7
958.0,9.0,7.0,3.0,0.024654594446133604,0.004911887957516964,6.613802838071442e-7
959.0,7.0,7.0,3.0,0.04766478303147603,0.007493983917923738,1.879070351349808e-7
960.0,8.0,7.0,2.0,0.04375102271941356,0.0053842318893965934,5.211365637291555e-7
961.0,7.0,7.0,3.0,0.039564997540236124,0.005454361043265218,3.433132486136444e-7
962.0,7.0,7.0,3.0,0.07417744260083048,0.005166123402451037,1.2313234630212745e-7
963.0,7.0,7.0,3.0,0.06974207163457025,0.014161850662920826,1.780813057713629e-7
964.0,7.0,7.0,3.0,0.06213144059474107,0.002863316464461638,1.6068573031115365e-7
965.0,7.0,7.0,2.0,0.02798980135789586,0.004011106660207174,5.409379345783549e-7
966.0,7.0,7.0,3.0,0.034414105735363965,0.0038008571583333186,3.258891546005051e-7
967.0,7.0,7.0,3.0,0.07227209153150294,0.002418515460666276,2.055683763841258e-7
968.0,7.0,7.0,3.0,0.044190831708639244,0.002893273939400703,1.6082972314183256e-7
969.0,8.0,7.0,2.0,0.01903593631467948,0.0032874484733341532,2.9652945820265265e-7
970.0,8.0,7.0,2.0,0.018542757821228495,0.006765552476442802,5.116536542727292e-7
971.0,8.0,7.0,3.0,0.043404709337028446,0.006217651368049525,3.575998137512111e-7
972.0,6.0,7.0,3.0,0.0675224886127499,0.002429150212037205,1.7579103873469956e-7
973.0,7.0,7.0,2.0,0.049727029533882305,0.008359064408687727,1.9915727129770656e-7
974.0,8.0,7.0,2.0,0.01906758005896858,0.004580863924841906,4.740843488650779e-7
975.0,7.0,7.0,3.0,0.023045308401192788,0.0035946314928781043,1.8240071821237618e-7
976.0,6.0,7.0,3.0,0.054473704311065685,0.003926310164659051,1.0632041332390743e-7
977.0,6.0,7.0,3.0,0.06566031256660565,0.0037723858092682,1.216898749920748e-7
978.0,9.0,7.0,3.0,0.039622868754629614,0.004682509847087428,7.242497050859512e-7
979.0,7.0,7.0,3.0,0.050109590951455285,0.0025068139012991934,2.199302716381207e-7
980.0,7.0,7.0,3.0,0.0606072316785089,0.003348921794980735,1.809477210085684e-7
981.0,8.0,7.0,2.0,0.02387840260902463,0.0047399947564870665,4.788790042328336e-7
982.0,8.0,7.0,2.0,0.02657228008890078,0.008086934645563358,7.267825091040565e-7
983.0,8.0,7.0,3.0,0.05316978953337537,0.005041727219270768,5.122344208598872e-7
984.0,7.0,7.0,3.0,0.028182858813569966,0.005147114838838764,2.130214846097115e-7
985.0,8.0,7.0,2.0,0.03206627149752439,0.003247603543005546,3.967122840850483e-7
986.0,8.0,7.0,3.0,0.07184617111535196,0.005630279677952902,6.30308060192743e-7
987.0,7.0,7.0,2.0,0.06772905941103669,0.003615488525454673,3.189115661286193e-7
988.0,7.0,7.0,3.0,0.058647503464109296,0.00337656735323285,1.1318981386305015e-7
989.0,7.0,7.0,3.0,0.07149706412379386,0.0024882481507938997,2.2553683502904627e-7
990.0,7.0,7.0,3.0,0.05221124087018403,0.01000738047061594,2.0981960395110198e-7
991.0,6.0,7.0,2.0,0.04555041568856444,0.003889426623730843,3.400508733697397e-7
992.0,7.0,7.0,3.0,0.0689985062612617,0.009014354679299804,3.093449600044904e-7
993.0,6.0,7.0,2.0,0.023987222526897112,0.005335745154033668,5.681907067069442e-7
994.0,8.0,7.0,2.0,0.02990702487091257,0.004435503532573505,4.437357325168371e-7
995.0,5.0,7.0,3.0,0.04934457724112051,0.0028548959460607012,2.3597824250258912e-7
996.0,7.0,7.0,2.0,0.06086057185993954,0.0063629329880836565,4.677371839662846e-7
997.0,8.0,7.0,2.0,0.07290063530548285,0.005158100806394926,4.449306595111039e-7
998.0,6.0,7.0,2.0,0.060414142504831236,0.0017668893217306595,1.8087261022258453e-7
999.0,8.0,7.0,2.0,0.01634054207140423,0.0045871082752469705,4.095623252499742e-7
1000.0,8.0,7.0,3.0,0.074394396614335,0.007957694856538846,5.998039743785204e-7
